ctime,schemaname,relname,seq_scan,seq_tup_read,idx_scan,idx_tup_fetch,n_tup_ins,n_tup_upd,n_tup_del,n_tup_hot_upd,n_live_tup,n_dead_tup,heap_blks_read,heap_blks_hit,idx_blks_read,idx_blks_hit,toast_blks_read,toast_blks_hit,tidx_blks_read,tidx_blks_hit
1416448530.94756,pg_catalog,pg_attrdef,0,0,0,0,0,0,0,0,0,0,0,0,0,0,0,0,0,0
1416448530.94756,pg_catalog,pg_db_role_setting,0,0,35092,0,0,0,0,0,0,0,0,0,73,35019,0,0,0,0
1416448530.94756,pg_toast,pg_toast_12713,0,0,0,0,0,0,0,0,0,0,0,0,0,0,,,,
1416448530.94756,pg_catalog,pg_rowsecurity,0,0,0,0,0,0,0,0,0,0,0,0,0,0,,,,
1416448530.94756,pg_catalog,pg_description,0,0,1181,0,0,0,0,0,0,0,0,0,396,2230,0,0,0,0
1416448530.94756,pg_catalog,pg_foreign_data_wrapper,0,0,0,0,0,0,0,0,0,0,0,0,0,0,,,,
1416448530.94756,pg_catalog,pg_conversion,0,0,0,0,0,0,0,0,0,0,0,0,0,0,,,,
1416448530.94756,public,nation,13,50,42,42,25,0,0,0,25,0,5,49,2,50,,,,
1416448530.94756,pg_catalog,pg_class,2569,566792,211236,194074,513,143,475,136,337,66,1782,216593,1697,442377,,,,
1416448530.94756,information_schema,sql_implementation_info,0,0,,,0,0,0,0,0,0,0,0,,,0,0,0,0
1416448530.94756,pg_catalog,pg_opfamily,0,0,0,0,0,0,0,0,0,0,0,0,0,0,,,,
1416448530.94756,pg_catalog,pg_auth_members,0,0,0,0,0,0,0,0,0,0,0,0,0,0,,,,
1416448530.94756,pg_catalog,pg_operator,0,0,64704,336568,0,0,0,0,0,0,1401,233382,1220,140605,,,,
1416448530.94756,information_schema,sql_languages,0,0,,,0,0,0,0,0,0,0,0,,,0,0,0,0
1416448530.94756,public,part,8,12000000,26,26,2000000,0,0,0,2000000,0,79009,408798,42762,104,,,,
1416448530.94756,pg_toast,pg_toast_12693,0,0,0,0,0,0,0,0,0,0,0,0,0,0,,,,
1416448530.94756,pg_catalog,pg_attribute,616,4200,170777,384376,1922,60,1744,31,2514,402,5173,196683,1491,359588,,,,
1416448530.94756,pg_toast,pg_toast_12698,0,0,0,0,0,0,0,0,0,0,0,0,0,0,,,,
1416448530.94756,pg_catalog,pg_tablespace,2,4,5986,5986,0,0,0,0,0,0,124,5864,263,11741,,,,
1416448530.94756,pg_catalog,pg_statistic,0,0,44882,42955,464,1076,401,723,464,31,3391,43287,467,97094,10476,41680,489,44410
1416448530.94756,pg_toast,pg_toast_12703,0,0,0,0,0,0,0,0,0,0,0,0,0,0,,,,
1416448530.94756,information_schema,sql_packages,0,0,,,0,0,0,0,0,0,0,0,,,0,0,0,0
1416448530.94756,information_schema,sql_sizing_profiles,0,0,,,0,0,0,0,0,0,0,0,,,0,0,0,0
1416448530.94756,pg_catalog,pg_aggregate,0,0,4466,4466,0,0,0,0,0,0,284,4182,668,7120,,,,
1416448530.94756,pg_catalog,pg_inherits,0,0,264,0,0,0,0,0,0,0,0,0,140,124,,,,
1416448530.94756,pg_catalog,pg_enum,0,0,0,0,0,0,0,0,0,0,0,0,0,0,,,,
1416448530.94756,pg_toast,pg_toast_2396,0,0,0,0,0,0,0,0,0,0,0,0,0,0,,,,
1416448530.94756,pg_catalog,pg_pltemplate,0,0,0,0,0,0,0,0,0,0,0,0,0,0,,,,
1416448530.94756,pg_toast,pg_toast_2618,0,0,914,2918,0,0,0,0,0,0,568,556,169,1307,,,,
1416448530.94756,pg_toast,pg_toast_3596,0,0,0,0,0,0,0,0,0,0,0,0,0,0,,,,
1416448530.94756,information_schema,sql_features,0,0,,,0,0,0,0,0,0,0,0,,,0,0,0,0
1416448530.94756,public,supplier,6,400000,42,42,100000,0,0,0,100000,0,2314,20052,280,103,,,,
1416448530.94756,pg_toast,pg_toast_2606,0,0,0,0,0,0,0,0,0,0,0,0,0,0,,,,
1416448530.94756,pg_toast,pg_toast_12723,0,0,0,0,0,0,0,0,0,0,0,0,0,0,,,,
1416448530.94756,pg_toast,pg_toast_2964,0,0,0,0,0,0,0,0,0,0,0,0,0,0,,,,
1416448530.94756,pg_catalog,pg_database,594,2250,28322,28320,1,0,0,0,1,0,48,28867,332,45517,,,,
1416448530.94756,information_schema,sql_sizing,0,0,,,0,0,0,0,0,0,0,0,,,0,0,0,0
1416448530.94756,pg_toast,pg_toast_2620,0,0,0,0,0,0,0,0,0,0,0,0,0,0,,,,
1416448530.94756,pg_catalog,pg_depend,0,0,11276,12087,2105,0,2016,0,7106,472,1827,13578,2978,29209,,,,
1416448530.94756,pg_catalog,pg_language,0,0,0,0,0,0,0,0,0,0,0,0,0,0,,,,
1416448530.94756,public,region,6,10,8,8,5,0,0,0,5,0,5,15,2,10,,,,
1416448530.94756,public,lineitem,15,539874468,56,56,59986052,0,0,0,59986164,0,9229501,6164038,328974,505,,,,
1416448530.94756,pg_catalog,pg_amproc,112,224,41285,121527,0,0,0,0,0,0,746,40283,357,90812,,,,
1416448530.94756,pg_catalog,pg_collation,0,0,0,0,0,0,0,0,0,0,0,0,0,0,,,,
1416448530.94756,pg_toast,pg_toast_12708,0,0,0,0,0,0,0,0,0,0,0,0,0,0,,,,
1416448530.94756,public,partsupp,8,24000000,16,16,8000000,0,0,0,8000000,0,340615,1296493,21941,54,,,,
1416448530.94756,pg_catalog,pg_range,0,0,1995,0,0,0,0,0,0,0,0,0,634,3356,,,,
1416448530.94756,pg_toast,pg_toast_2609,0,0,0,0,0,0,0,0,0,0,0,0,0,0,,,,
1416448530.94756,pg_catalog,pg_opclass,112,112,55332,575614,0,0,0,0,0,0,260,230224,669,66876,,,,
1416448530.94756,pg_catalog,pg_rewrite,0,0,2124,1695,143,0,143,0,110,71,1005,1708,503,3115,568,556,338,2614
1416448530.94756,public,customer,10,9000000,28,28,1500000,0,0,0,1500000,0,68535,365453,17758,110,,,,
1416448530.94756,pg_toast,pg_toast_1255,0,0,0,0,0,0,0,0,0,0,0,0,0,0,,,,
1416448530.94756,pg_catalog,pg_seclabel,0,0,1181,0,0,0,0,0,0,0,0,0,128,1053,0,0,0,0
1416448530.94756,pg_catalog,pg_ts_parser,0,0,0,0,0,0,0,0,0,0,0,0,0,0,,,,
1416448530.94756,pg_catalog,pg_trigger,0,0,0,0,0,0,0,0,0,0,0,0,0,0,0,0,0,0
1416448530.94756,public,orders,9,60000000,30,30,15000000,0,0,0,15000000,0,504559,2065423,41135,121,,,,
1416448530.94756,public,time_statistics,1,1,,,3,1,0,1,3,1,2,3,,,,,,
1416448530.94756,pg_catalog,pg_shseclabel,0,0,0,0,0,0,0,0,0,0,0,0,0,0,,,,
1416448530.94756,pg_catalog,pg_event_trigger,0,0,502,0,0,0,0,0,0,0,0,0,135,367,,,,
1416448530.94756,pg_catalog,pg_foreign_table,0,0,0,0,0,0,0,0,0,0,0,0,0,0,,,,
1416448530.94756,pg_catalog,pg_extension,0,0,0,0,0,0,0,0,0,0,0,0,0,0,,,,
1416448530.94756,pg_catalog,pg_ts_config,0,0,0,0,0,0,0,0,0,0,0,0,0,0,,,,
1416448530.94756,pg_catalog,pg_shdescription,0,0,0,0,0,0,0,0,0,0,0,0,0,0,0,0,0,0
1416448530.94756,pg_catalog,pg_cast,0,0,280935,66875,0,0,0,0,0,0,287,66588,175,288866,,,,
1416448530.94756,pg_catalog,pg_amop,0,0,70201,123234,0,0,0,0,0,0,471,117817,1114,149242,,,,
1416448530.94756,pg_catalog,pg_user_mapping,0,0,0,0,0,0,0,0,0,0,0,0,0,0,,,,
1416448530.94756,pg_catalog,pg_type,0,0,199359,197354,542,0,523,0,360,41,1129,198485,1780,410031,,,,
1416448530.94756,information_schema,sql_parts,0,0,,,0,0,0,0,0,0,0,0,,,0,0,0,0
1416448530.94756,pg_catalog,pg_largeobject,0,0,0,0,0,0,0,0,0,0,0,0,0,0,,,,
1416448530.94756,pg_catalog,pg_ts_config_map,0,0,0,0,0,0,0,0,0,0,0,0,0,0,,,,
1416448530.94756,pg_catalog,pg_largeobject_metadata,0,0,0,0,0,0,0,0,0,0,0,0,0,0,,,,
1416448530.94756,pg_catalog,pg_am,12264,12264,0,0,0,0,0,0,0,0,82,12182,0,0,,,,
1416448530.94756,pg_toast,pg_toast_12718,0,0,0,0,0,0,0,0,0,0,0,0,0,0,,,,
1416448530.94756,pg_catalog,pg_ts_template,0,0,0,0,0,0,0,0,0,0,0,0,0,0,,,,
1416448530.94756,pg_catalog,pg_foreign_server,0,0,0,0,0,0,0,0,0,0,0,0,0,0,,,,
1416448530.94756,pg_catalog,pg_namespace,418,5018,43810,35380,22,0,0,0,22,0,115,35739,498,52419,,,,
1416448530.94756,pg_toast,pg_toast_2619,0,0,31011,106039,1688,0,1436,0,262,8,10476,41680,489,44410,,,,
1416448530.94756,pg_catalog,pg_authid,218,218,16898,16898,0,0,0,0,0,0,80,17036,352,33444,,,,
1416448530.94756,pg_catalog,pg_default_acl,0,0,1096,0,0,0,0,0,0,0,0,0,117,979,,,,
1416448530.94756,pg_catalog,pg_shdepend,0,0,1479,297,0,0,0,0,0,0,134,163,537,1482,,,,
1416448530.94756,pg_catalog,pg_constraint,0,0,88,40,48,0,40,0,10,40,26,249,48,464,0,0,0,0
1416448530.94756,pg_catalog,pg_index,1273,123612,91009,130836,239,0,211,0,143,45,901,118244,550,104286,,,,
1416448530.94756,pg_catalog,pg_ts_dict,0,0,0,0,0,0,0,0,0,0,0,0,0,0,,,,
1416448530.94756,pg_toast,pg_toast_2604,0,0,0,0,0,0,0,0,0,0,0,0,0,0,,,,
1416448530.94756,pg_catalog,pg_proc,0,0,73338,109170,0,0,0,0,0,0,6872,72446,2748,159828,0,0,0,0
1416448590.95164,pg_catalog,pg_attrdef,0,0,0,0,0,0,0,0,0,0,0,0,0,0,0,0,0,0
1416448590.95164,pg_catalog,pg_db_role_setting,0,0,35180,0,0,0,0,0,0,0,0,0,74,35106,0,0,0,0
1416448590.95164,pg_toast,pg_toast_12713,0,0,0,0,0,0,0,0,0,0,0,0,0,0,,,,
1416448590.95164,pg_catalog,pg_rowsecurity,0,0,0,0,0,0,0,0,0,0,0,0,0,0,,,,
1416448590.95164,pg_catalog,pg_description,0,0,1181,0,0,0,0,0,0,0,0,0,396,2230,0,0,0,0
1416448590.95164,pg_catalog,pg_foreign_data_wrapper,0,0,0,0,0,0,0,0,0,0,0,0,0,0,,,,
1416448590.95164,pg_catalog,pg_conversion,0,0,0,0,0,0,0,0,0,0,0,0,0,0,,,,
1416448590.95164,public,nation,13,50,42,42,25,0,0,0,25,0,5,49,2,50,,,,
1416448590.95164,pg_catalog,pg_class,2590,569853,211746,194576,513,143,475,136,337,66,1783,217241,1697,443426,,,,
1416448590.95164,information_schema,sql_implementation_info,0,0,,,0,0,0,0,0,0,0,0,,,0,0,0,0
1416448590.95164,pg_catalog,pg_opfamily,0,0,0,0,0,0,0,0,0,0,0,0,0,0,,,,
1416448590.95164,pg_catalog,pg_auth_members,0,0,0,0,0,0,0,0,0,0,0,0,0,0,,,,
1416448590.95164,pg_catalog,pg_operator,0,0,64761,336815,0,0,0,0,0,0,1413,233544,1222,140733,,,,
1416448590.95164,information_schema,sql_languages,0,0,,,0,0,0,0,0,0,0,0,,,0,0,0,0
1416448590.95164,public,part,9,14000000,28,28,2000000,0,0,0,2000000,0,119531,408800,42771,105,,,,
1416448590.95164,pg_toast,pg_toast_12693,0,0,0,0,0,0,0,0,0,0,0,0,0,0,,,,
1416448590.95164,pg_catalog,pg_attribute,627,4275,171148,385180,1922,60,1744,31,2514,402,5187,197212,1493,360344,,,,
1416448590.95164,pg_toast,pg_toast_12698,0,0,0,0,0,0,0,0,0,0,0,0,0,0,,,,
1416448590.95164,pg_catalog,pg_tablespace,2,4,5996,5996,0,0,0,0,0,0,125,5873,266,11760,,,,
1416448590.95164,pg_catalog,pg_statistic,0,0,44950,43011,464,1106,401,743,464,61,3401,43391,468,97258,10487,41690,489,44443
1416448590.95164,pg_toast,pg_toast_12703,0,0,0,0,0,0,0,0,0,0,0,0,0,0,,,,
1416448590.95164,information_schema,sql_packages,0,0,,,0,0,0,0,0,0,0,0,,,0,0,0,0
1416448590.95164,information_schema,sql_sizing_profiles,0,0,,,0,0,0,0,0,0,0,0,,,0,0,0,0
1416448590.95164,pg_catalog,pg_aggregate,0,0,4468,4468,0,0,0,0,0,0,285,4183,670,7122,,,,
1416448590.95164,pg_catalog,pg_inherits,0,0,264,0,0,0,0,0,0,0,0,0,140,124,,,,
1416448590.95164,pg_catalog,pg_enum,0,0,0,0,0,0,0,0,0,0,0,0,0,0,,,,
1416448590.95164,pg_toast,pg_toast_2396,0,0,0,0,0,0,0,0,0,0,0,0,0,0,,,,
1416448590.95164,pg_catalog,pg_pltemplate,0,0,0,0,0,0,0,0,0,0,0,0,0,0,,,,
1416448590.95164,pg_toast,pg_toast_2618,0,0,919,2934,0,0,0,0,0,0,573,557,169,1315,,,,
1416448590.95164,pg_toast,pg_toast_3596,0,0,0,0,0,0,0,0,0,0,0,0,0,0,,,,
1416448590.95164,information_schema,sql_features,0,0,,,0,0,0,0,0,0,0,0,,,0,0,0,0
1416448590.95164,public,supplier,6,400000,42,42,100000,0,0,0,100000,0,2314,20052,280,103,,,,
1416448590.95164,pg_toast,pg_toast_2606,0,0,0,0,0,0,0,0,0,0,0,0,0,0,,,,
1416448590.95164,pg_toast,pg_toast_12723,0,0,0,0,0,0,0,0,0,0,0,0,0,0,,,,
1416448590.95164,pg_toast,pg_toast_2964,0,0,0,0,0,0,0,0,0,0,0,0,0,0,,,,
1416448590.95164,pg_catalog,pg_database,598,2260,28392,28390,1,0,0,0,1,0,48,28941,336,45626,,,,
1416448590.95164,information_schema,sql_sizing,0,0,,,0,0,0,0,0,0,0,0,,,0,0,0,0
1416448590.95164,pg_toast,pg_toast_2620,0,0,0,0,0,0,0,0,0,0,0,0,0,0,,,,
1416448590.95164,pg_catalog,pg_depend,0,0,11276,12087,2105,0,2016,0,7106,472,1827,13578,2978,29209,,,,
1416448590.95164,pg_catalog,pg_language,0,0,0,0,0,0,0,0,0,0,0,0,0,0,,,,
1416448590.95164,public,region,6,10,8,8,5,0,0,0,5,0,5,15,2,10,,,,
1416448590.95164,public,lineitem,15,539874468,59,60045727,60045669,0,0,0,60045781,0,10297159,6167399,380178,1009611,,,,
1416448590.95164,pg_catalog,pg_amproc,114,228,41341,121646,0,0,0,0,0,0,746,40346,358,90936,,,,
1416448590.95164,pg_catalog,pg_collation,0,0,0,0,0,0,0,0,0,0,0,0,0,0,,,,
1416448590.95164,pg_toast,pg_toast_12708,0,0,0,0,0,0,0,0,0,0,0,0,0,0,,,,
1416448590.95164,public,partsupp,8,24000000,16,16,8000000,0,0,0,8000000,0,340615,1296493,21941,54,,,,
1416448590.95164,pg_catalog,pg_range,0,0,1997,0,0,0,0,0,0,0,0,0,638,3356,,,,
1416448590.95164,pg_toast,pg_toast_2609,0,0,0,0,0,0,0,0,0,0,0,0,0,0,,,,
1416448590.95164,pg_catalog,pg_opclass,114,114,55404,576612,0,0,0,0,0,0,260,230578,669,66965,,,,
1416448590.95164,pg_catalog,pg_rewrite,0,0,2131,1702,143,0,143,0,110,71,1009,1711,503,3127,573,557,338,2630
1416448590.95164,public,customer,10,9000000,28,28,1500000,0,0,0,1500000,0,68535,365453,17758,110,,,,
1416448590.95164,pg_toast,pg_toast_1255,0,0,0,0,0,0,0,0,0,0,0,0,0,0,,,,
1416448590.95164,pg_catalog,pg_seclabel,0,0,1181,0,0,0,0,0,0,0,0,0,128,1053,0,0,0,0
1416448590.95164,pg_catalog,pg_ts_parser,0,0,0,0,0,0,0,0,0,0,0,0,0,0,,,,
1416448590.95164,pg_catalog,pg_trigger,0,0,0,0,0,0,0,0,0,0,0,0,0,0,0,0,0,0
1416448590.95164,public,orders,9,60000000,30,30,15015000,0,0,0,15015000,0,504848,2066080,41283,110443,,,,
1416448590.95164,public,time_statistics,3,8,,,5,3,0,3,5,3,2,9,,,,,,
1416448590.95164,pg_catalog,pg_shseclabel,0,0,0,0,0,0,0,0,0,0,0,0,0,0,,,,
1416448590.95164,pg_catalog,pg_event_trigger,0,0,502,0,0,0,0,0,0,0,0,0,135,367,,,,
1416448590.95164,pg_catalog,pg_foreign_table,0,0,0,0,0,0,0,0,0,0,0,0,0,0,,,,
1416448590.95164,pg_catalog,pg_extension,0,0,0,0,0,0,0,0,0,0,0,0,0,0,,,,
1416448590.95164,pg_catalog,pg_ts_config,0,0,0,0,0,0,0,0,0,0,0,0,0,0,,,,
1416448590.95164,pg_catalog,pg_shdescription,0,0,0,0,0,0,0,0,0,0,0,0,0,0,0,0,0,0
1416448590.95164,pg_catalog,pg_cast,0,0,281410,66958,0,0,0,0,0,0,287,66671,175,289352,,,,
1416448590.95164,pg_catalog,pg_amop,0,0,70287,123368,0,0,0,0,0,0,473,117946,1115,149427,,,,
1416448590.95164,pg_catalog,pg_user_mapping,0,0,0,0,0,0,0,0,0,0,0,0,0,0,,,,
1416448590.95164,pg_catalog,pg_type,0,0,199598,197593,542,0,523,0,360,41,1130,198723,1780,410522,,,,
1416448590.95164,information_schema,sql_parts,0,0,,,0,0,0,0,0,0,0,0,,,0,0,0,0
1416448590.95164,pg_catalog,pg_largeobject,0,0,0,0,0,0,0,0,0,0,0,0,0,0,,,,
1416448590.95164,pg_catalog,pg_ts_config_map,0,0,0,0,0,0,0,0,0,0,0,0,0,0,,,,
1416448590.95164,pg_catalog,pg_largeobject_metadata,0,0,0,0,0,0,0,0,0,0,0,0,0,0,,,,
1416448590.95164,pg_catalog,pg_am,12279,12279,0,0,0,0,0,0,0,0,82,12197,0,0,,,,
1416448590.95164,pg_toast,pg_toast_12718,0,0,0,0,0,0,0,0,0,0,0,0,0,0,,,,
1416448590.95164,pg_catalog,pg_ts_template,0,0,0,0,0,0,0,0,0,0,0,0,0,0,,,,
1416448590.95164,pg_catalog,pg_foreign_server,0,0,0,0,0,0,0,0,0,0,0,0,0,0,,,,
1416448590.95164,pg_catalog,pg_namespace,420,5074,43986,35545,22,0,0,0,22,0,115,35906,499,52608,,,,
1416448590.95164,pg_toast,pg_toast_2619,0,0,31023,106067,1690,0,1438,0,262,10,10487,41690,489,44443,,,,
1416448590.95164,pg_catalog,pg_authid,221,221,16939,16939,0,0,0,0,0,0,81,17079,356,33522,,,,
1416448590.95164,pg_catalog,pg_default_acl,0,0,1096,0,0,0,0,0,0,0,0,0,117,979,,,,
1416448590.95164,pg_catalog,pg_shdepend,0,0,1479,297,0,0,0,0,0,0,134,163,537,1482,,,,
1416448590.95164,pg_catalog,pg_constraint,0,0,88,40,48,0,40,0,10,40,26,249,48,464,0,0,0,0
1416448590.95164,pg_catalog,pg_index,1285,124334,91146,131008,239,0,211,0,143,45,901,118442,550,104444,,,,
1416448590.95164,pg_catalog,pg_ts_dict,0,0,0,0,0,0,0,0,0,0,0,0,0,0,,,,
1416448590.95164,pg_toast,pg_toast_2604,0,0,0,0,0,0,0,0,0,0,0,0,0,0,,,,
1416448590.95164,pg_catalog,pg_proc,0,0,73448,109322,0,0,0,0,0,0,6889,72554,2753,160064,0,0,0,0
1416448650.95338,pg_catalog,pg_attrdef,0,0,0,0,0,0,0,0,0,0,0,0,0,0,0,0,0,0
1416448650.95338,pg_catalog,pg_db_role_setting,0,0,35220,0,0,0,0,0,0,0,0,0,74,35146,0,0,0,0
1416448650.95338,pg_toast,pg_toast_12713,0,0,0,0,0,0,0,0,0,0,0,0,0,0,,,,
1416448650.95338,pg_catalog,pg_rowsecurity,0,0,0,0,0,0,0,0,0,0,0,0,0,0,,,,
1416448650.95338,pg_catalog,pg_description,0,0,1181,0,0,0,0,0,0,0,0,0,396,2230,0,0,0,0
1416448650.95338,pg_catalog,pg_foreign_data_wrapper,0,0,0,0,0,0,0,0,0,0,0,0,0,0,,,,
1416448650.95338,pg_catalog,pg_conversion,0,0,0,0,0,0,0,0,0,0,0,0,0,0,,,,
1416448650.95338,public,nation,14,75,25414,25414,25,0,0,0,25,0,6,25421,4,25421,,,,
1416448650.95338,pg_catalog,pg_class,2600,572903,212150,194973,513,143,475,136,337,66,1785,217737,1701,444252,,,,
1416448650.95338,information_schema,sql_implementation_info,0,0,,,0,0,0,0,0,0,0,0,,,0,0,0,0
1416448650.95338,pg_catalog,pg_opfamily,0,0,0,0,0,0,0,0,0,0,0,0,0,0,,,,
1416448650.95338,pg_catalog,pg_auth_members,0,0,0,0,0,0,0,0,0,0,0,0,0,0,,,,
1416448650.95338,pg_catalog,pg_operator,0,0,64794,336910,0,0,0,0,0,0,1413,233613,1222,140811,,,,
1416448650.95338,information_schema,sql_languages,0,0,,,0,0,0,0,0,0,0,0,,,0,0,0,0
1416448650.95338,public,part,9,14000000,33,2000032,2000000,0,0,0,2000000,0,160051,409558,48242,117,,,,
1416448650.95338,pg_toast,pg_toast_12693,0,0,0,0,0,0,0,0,0,0,0,0,0,0,,,,
1416448650.95338,pg_catalog,pg_attribute,627,4275,171402,385610,1922,60,1744,31,2514,402,5191,197472,1496,360860,,,,
1416448650.95338,pg_toast,pg_toast_12698,0,0,0,0,0,0,0,0,0,0,0,0,0,0,,,,
1416448650.95338,pg_catalog,pg_tablespace,2,4,6003,6003,0,0,0,0,0,0,125,5880,266,11774,,,,
1416448650.95338,pg_catalog,pg_statistic,0,0,44998,43050,464,1106,401,743,464,51,3404,43427,468,97361,10506,41701,489,44481
1416448650.95338,pg_toast,pg_toast_12703,0,0,0,0,0,0,0,0,0,0,0,0,0,0,,,,
1416448650.95338,information_schema,sql_packages,0,0,,,0,0,0,0,0,0,0,0,,,0,0,0,0
1416448650.95338,information_schema,sql_sizing_profiles,0,0,,,0,0,0,0,0,0,0,0,,,0,0,0,0
1416448650.95338,pg_catalog,pg_aggregate,0,0,4470,4470,0,0,0,0,0,0,285,4185,670,7126,,,,
1416448650.95338,pg_catalog,pg_inherits,0,0,264,0,0,0,0,0,0,0,0,0,140,124,,,,
1416448650.95338,pg_catalog,pg_enum,0,0,0,0,0,0,0,0,0,0,0,0,0,0,,,,
1416448650.95338,pg_toast,pg_toast_2396,0,0,0,0,0,0,0,0,0,0,0,0,0,0,,,,
1416448650.95338,pg_catalog,pg_pltemplate,0,0,0,0,0,0,0,0,0,0,0,0,0,0,,,,
1416448650.95338,pg_toast,pg_toast_2618,0,0,924,2950,0,0,0,0,0,0,577,559,169,1323,,,,
1416448650.95338,pg_toast,pg_toast_3596,0,0,0,0,0,0,0,0,0,0,0,0,0,0,,,,
1416448650.95338,information_schema,sql_features,0,0,,,0,0,0,0,0,0,0,0,,,0,0,0,0
1416448650.95338,public,supplier,6,400000,25419,525414,100000,0,0,0,100000,0,4493,54140,560,50705,,,,
1416448650.95338,pg_toast,pg_toast_2606,0,0,0,0,0,0,0,0,0,0,0,0,0,0,,,,
1416448650.95338,pg_toast,pg_toast_12723,0,0,0,0,0,0,0,0,0,0,0,0,0,0,,,,
1416448650.95338,pg_toast,pg_toast_2964,0,0,0,0,0,0,0,0,0,0,0,0,0,0,,,,
1416448650.95338,pg_catalog,pg_database,601,2272,28430,28428,1,0,0,0,1,0,48,28982,336,45684,,,,
1416448650.95338,information_schema,sql_sizing,0,0,,,0,0,0,0,0,0,0,0,,,0,0,0,0
1416448650.95338,pg_toast,pg_toast_2620,0,0,0,0,0,0,0,0,0,0,0,0,0,0,,,,
1416448650.95338,pg_catalog,pg_depend,0,0,11276,12087,2105,0,2016,0,7106,472,1827,13578,2978,29209,,,,
1416448650.95338,pg_catalog,pg_language,0,0,0,0,0,0,0,0,0,0,0,0,0,0,,,,
1416448650.95338,public,region,6349,31720,12,12,5,0,0,0,5,0,6,6360,4,13,,,,
1416448650.95338,public,lineitem,15,539874468,59,60045727,60045669,0,0,0,60045781,0,10297159,6167399,380178,1009611,,,,
1416448650.95338,pg_catalog,pg_amproc,114,228,41372,121698,0,0,0,0,0,0,747,40375,361,91004,,,,
1416448650.95338,pg_catalog,pg_collation,0,0,0,0,0,0,0,0,0,0,0,0,0,0,,,,
1416448650.95338,pg_toast,pg_toast_12708,0,0,0,0,0,0,0,0,0,0,0,0,0,0,,,,
1416448650.95338,public,partsupp,9,32000000,6361,25384,8000000,0,0,0,8000000,0,511573,1303575,26264,14886,,,,
1416448650.95338,pg_catalog,pg_range,0,0,1998,0,0,0,0,0,0,0,0,0,638,3358,,,,
1416448650.95338,pg_toast,pg_toast_2609,0,0,0,0,0,0,0,0,0,0,0,0,0,0,,,,
1416448650.95338,pg_catalog,pg_opclass,114,114,55441,577059,0,0,0,0,0,0,261,230750,671,67013,,,,
1416448650.95338,pg_catalog,pg_rewrite,0,0,2138,1709,143,0,143,0,110,71,1012,1715,503,3139,577,559,338,2646
1416448650.95338,public,customer,10,9000000,28,28,1500000,0,0,0,1500000,0,68535,365453,17758,110,,,,
1416448650.95338,pg_toast,pg_toast_1255,0,0,0,0,0,0,0,0,0,0,0,0,0,0,,,,
1416448650.95338,pg_catalog,pg_seclabel,0,0,1181,0,0,0,0,0,0,0,0,0,128,1053,0,0,0,0
1416448650.95338,pg_catalog,pg_ts_parser,0,0,0,0,0,0,0,0,0,0,0,0,0,0,,,,
1416448650.95338,pg_catalog,pg_trigger,0,0,0,0,0,0,0,0,0,0,0,0,0,0,0,0,0,0
1416448650.95338,public,orders,9,60000000,30,30,15015000,0,0,0,15015000,0,504848,2066080,41283,110443,,,,
1416448650.95338,public,time_statistics,4,13,,,6,4,0,4,6,4,2,12,,,,,,
1416448650.95338,pg_catalog,pg_shseclabel,0,0,0,0,0,0,0,0,0,0,0,0,0,0,,,,
1416448650.95338,pg_catalog,pg_event_trigger,0,0,502,0,0,0,0,0,0,0,0,0,135,367,,,,
1416448650.95338,pg_catalog,pg_foreign_table,0,0,0,0,0,0,0,0,0,0,0,0,0,0,,,,
1416448650.95338,pg_catalog,pg_extension,0,0,0,0,0,0,0,0,0,0,0,0,0,0,,,,
1416448650.95338,pg_catalog,pg_ts_config,0,0,0,0,0,0,0,0,0,0,0,0,0,0,,,,
1416448650.95338,pg_catalog,pg_shdescription,0,0,0,0,0,0,0,0,0,0,0,0,0,0,0,0,0,0
1416448650.95338,pg_catalog,pg_cast,0,0,281563,67004,0,0,0,0,0,0,287,66717,175,289513,,,,
1416448650.95338,pg_catalog,pg_amop,0,0,70346,123466,0,0,0,0,0,0,473,118042,1116,149555,,,,
1416448650.95338,pg_catalog,pg_user_mapping,0,0,0,0,0,0,0,0,0,0,0,0,0,0,,,,
1416448650.95338,pg_catalog,pg_type,0,0,199749,197744,542,0,523,0,360,41,1130,198874,1780,410832,,,,
1416448650.95338,information_schema,sql_parts,0,0,,,0,0,0,0,0,0,0,0,,,0,0,0,0
1416448650.95338,pg_catalog,pg_largeobject,0,0,0,0,0,0,0,0,0,0,0,0,0,0,,,,
1416448650.95338,pg_catalog,pg_ts_config_map,0,0,0,0,0,0,0,0,0,0,0,0,0,0,,,,
1416448650.95338,pg_catalog,pg_largeobject_metadata,0,0,0,0,0,0,0,0,0,0,0,0,0,0,,,,
1416448650.95338,pg_catalog,pg_am,12289,12289,0,0,0,0,0,0,0,0,83,12206,0,0,,,,
1416448650.95338,pg_toast,pg_toast_12718,0,0,0,0,0,0,0,0,0,0,0,0,0,0,,,,
1416448650.95338,pg_catalog,pg_ts_template,0,0,0,0,0,0,0,0,0,0,0,0,0,0,,,,
1416448650.95338,pg_catalog,pg_foreign_server,0,0,0,0,0,0,0,0,0,0,0,0,0,0,,,,
1416448650.95338,pg_catalog,pg_namespace,422,5130,44152,35703,22,0,0,0,22,0,115,36066,499,52784,,,,
1416448650.95338,pg_toast,pg_toast_2619,0,0,31040,106139,1690,0,1438,0,262,10,10506,41701,489,44481,,,,
1416448650.95338,pg_catalog,pg_authid,222,222,16955,16955,0,0,0,0,0,0,81,17096,356,33554,,,,
1416448650.95338,pg_catalog,pg_default_acl,0,0,1096,0,0,0,0,0,0,0,0,0,117,979,,,,
1416448650.95338,pg_catalog,pg_shdepend,0,0,1479,297,0,0,0,0,0,0,134,163,537,1482,,,,
1416448650.95338,pg_catalog,pg_constraint,0,0,88,40,48,0,40,0,10,40,26,249,48,464,0,0,0,0
1416448650.95338,pg_catalog,pg_index,1290,125049,91213,131095,239,0,211,0,143,45,902,118545,552,104524,,,,
1416448650.95338,pg_catalog,pg_ts_dict,0,0,0,0,0,0,0,0,0,0,0,0,0,0,,,,
1416448650.95338,pg_toast,pg_toast_2604,0,0,0,0,0,0,0,0,0,0,0,0,0,0,,,,
1416448650.95338,pg_catalog,pg_proc,0,0,73542,109471,0,0,0,0,0,0,6896,72657,2754,160267,0,0,0,0
1416448710.95375,pg_catalog,pg_attrdef,0,0,0,0,0,0,0,0,0,0,0,0,0,0,0,0,0,0
1416448710.95375,pg_catalog,pg_db_role_setting,0,0,35272,0,0,0,0,0,0,0,0,0,74,35198,0,0,0,0
1416448710.95375,pg_toast,pg_toast_12713,0,0,0,0,0,0,0,0,0,0,0,0,0,0,,,,
1416448710.95375,pg_catalog,pg_rowsecurity,0,0,0,0,0,0,0,0,0,0,0,0,0,0,,,,
1416448710.95375,pg_catalog,pg_description,0,0,1181,0,0,0,0,0,0,0,0,0,396,2230,0,0,0,0
1416448710.95375,pg_catalog,pg_foreign_data_wrapper,0,0,0,0,0,0,0,0,0,0,0,0,0,0,,,,
1416448710.95375,pg_catalog,pg_conversion,0,0,0,0,0,0,0,0,0,0,0,0,0,0,,,,
1416448710.95375,public,nation,16,125,25418,25418,25,0,0,0,25,0,7,25426,6,25425,,,,
1416448710.95375,pg_catalog,pg_class,2610,575953,212626,195434,513,143,475,136,337,66,1794,218290,1711,445222,,,,
1416448710.95375,information_schema,sql_implementation_info,0,0,,,0,0,0,0,0,0,0,0,,,0,0,0,0
1416448710.95375,pg_catalog,pg_opfamily,0,0,0,0,0,0,0,0,0,0,0,0,0,0,,,,
1416448710.95375,pg_catalog,pg_auth_members,0,0,0,0,0,0,0,0,0,0,0,0,0,0,,,,
1416448710.95375,pg_catalog,pg_operator,0,0,64863,337225,0,0,0,0,0,0,1428,233821,1233,140955,,,,
1416448710.95375,information_schema,sql_languages,0,0,,,0,0,0,0,0,0,0,0,,,0,0,0,0
1416448710.95375,public,part,10,16000000,44,2022068,2000000,0,0,0,2000000,0,177056,450088,48401,146,,,,
1416448710.95375,pg_toast,pg_toast_12693,0,0,0,0,0,0,0,0,0,0,0,0,0,0,,,,
1416448710.95375,pg_catalog,pg_attribute,627,4275,171716,386192,1922,60,1744,31,2514,402,5217,197775,1502,361496,,,,
1416448710.95375,pg_toast,pg_toast_12698,0,0,0,0,0,0,0,0,0,0,0,0,0,0,,,,
1416448710.95375,pg_catalog,pg_tablespace,2,4,6012,6012,0,0,0,0,0,0,126,5888,268,11790,,,,
1416448710.95375,pg_catalog,pg_statistic,0,0,45064,43104,464,1106,401,743,464,51,3420,43465,473,97497,10532,41729,495,44552
1416448710.95375,pg_toast,pg_toast_12703,0,0,0,0,0,0,0,0,0,0,0,0,0,0,,,,
1416448710.95375,information_schema,sql_packages,0,0,,,0,0,0,0,0,0,0,0,,,0,0,0,0
1416448710.95375,information_schema,sql_sizing_profiles,0,0,,,0,0,0,0,0,0,0,0,,,0,0,0,0
1416448710.95375,pg_catalog,pg_aggregate,0,0,4473,4473,0,0,0,0,0,0,287,4186,674,7128,,,,
1416448710.95375,pg_catalog,pg_inherits,0,0,264,0,0,0,0,0,0,0,0,0,140,124,,,,
1416448710.95375,pg_catalog,pg_enum,0,0,0,0,0,0,0,0,0,0,0,0,0,0,,,,
1416448710.95375,pg_toast,pg_toast_2396,0,0,0,0,0,0,0,0,0,0,0,0,0,0,,,,
1416448710.95375,pg_catalog,pg_pltemplate,0,0,0,0,0,0,0,0,0,0,0,0,0,0,,,,
1416448710.95375,pg_toast,pg_toast_2618,0,0,929,2966,0,0,0,0,0,0,582,560,171,1329,,,,
1416448710.95375,pg_toast,pg_toast_3596,0,0,0,0,0,0,0,0,0,0,0,0,0,0,,,,
1416448710.95375,information_schema,sql_features,0,0,,,0,0,0,0,0,0,0,0,,,0,0,0,0
1416448710.95375,public,supplier,6,400000,3291648,3891642,100000,0,0,0,100000,0,4493,3322547,565,6601417,,,,
1416448710.95375,pg_toast,pg_toast_2606,0,0,0,0,0,0,0,0,0,0,0,0,0,0,,,,
1416448710.95375,pg_toast,pg_toast_12723,0,0,0,0,0,0,0,0,0,0,0,0,0,0,,,,
1416448710.95375,pg_toast,pg_toast_2964,0,0,0,0,0,0,0,0,0,0,0,0,0,0,,,,
1416448710.95375,pg_catalog,pg_database,604,2284,28477,28475,1,0,0,0,1,0,48,29032,339,45754,,,,
1416448710.95375,information_schema,sql_sizing,0,0,,,0,0,0,0,0,0,0,0,,,0,0,0,0
1416448710.95375,pg_toast,pg_toast_2620,0,0,0,0,0,0,0,0,0,0,0,0,0,0,,,,
1416448710.95375,pg_catalog,pg_depend,0,0,11276,12087,2105,0,2016,0,7106,472,1827,13578,2978,29209,,,,
1416448710.95375,pg_catalog,pg_language,0,0,0,0,0,0,0,0,0,0,0,0,0,0,,,,
1416448710.95375,public,region,6349,31720,12,12,5,0,0,0,5,0,6,6360,4,13,,,,
1416448710.95375,public,lineitem,15,539874468,523337,75754137,60045669,0,0,0,60045781,0,11703437,20469507,485041,3042344,,,,
1416448710.95375,pg_catalog,pg_amproc,114,228,41419,121807,0,0,0,0,0,0,749,40418,362,91109,,,,
1416448710.95375,pg_catalog,pg_collation,0,0,0,0,0,0,0,0,0,0,0,0,0,0,,,,
1416448710.95375,pg_toast,pg_toast_12708,0,0,0,0,0,0,0,0,0,0,0,0,0,0,,,,
1416448710.95375,public,partsupp,10,40000000,28397,113498,8000000,0,0,0,8000000,0,666990,1343663,40387,67240,,,,
1416448710.95375,pg_catalog,pg_range,0,0,2000,0,0,0,0,0,0,0,0,0,642,3358,,,,
1416448710.95375,pg_toast,pg_toast_2609,0,0,0,0,0,0,0,0,0,0,0,0,0,0,,,,
1416448710.95375,pg_catalog,pg_opclass,114,114,55491,577519,0,0,0,0,0,0,264,230933,675,67076,,,,
1416448710.95375,pg_catalog,pg_rewrite,0,0,2145,1716,143,0,143,0,110,71,1017,1717,505,3149,582,560,342,2658
1416448710.95375,public,customer,10,9000000,28,28,1500000,0,0,0,1500000,0,68535,365453,17758,110,,,,
1416448710.95375,pg_toast,pg_toast_1255,0,0,0,0,0,0,0,0,0,0,0,0,0,0,,,,
1416448710.95375,pg_catalog,pg_seclabel,0,0,1181,0,0,0,0,0,0,0,0,0,128,1053,0,0,0,0
1416448710.95375,pg_catalog,pg_ts_parser,0,0,0,0,0,0,0,0,0,0,0,0,0,0,,,,
1416448710.95375,pg_catalog,pg_trigger,0,0,0,0,0,0,0,0,0,0,0,0,0,0,0,0,0,0
1416448710.95375,public,orders,9,60000000,3266250,3266250,15015000,0,0,0,15015000,0,956458,4880690,82370,9886018,,,,
1416448710.95375,public,time_statistics,6,26,,,8,6,0,6,8,6,3,17,,,,,,
1416448710.95375,pg_catalog,pg_shseclabel,0,0,0,0,0,0,0,0,0,0,0,0,0,0,,,,
1416448710.95375,pg_catalog,pg_event_trigger,0,0,502,0,0,0,0,0,0,0,0,0,135,367,,,,
1416448710.95375,pg_catalog,pg_foreign_table,0,0,0,0,0,0,0,0,0,0,0,0,0,0,,,,
1416448710.95375,pg_catalog,pg_extension,0,0,0,0,0,0,0,0,0,0,0,0,0,0,,,,
1416448710.95375,pg_catalog,pg_ts_config,0,0,0,0,0,0,0,0,0,0,0,0,0,0,,,,
1416448710.95375,pg_catalog,pg_shdescription,0,0,0,0,0,0,0,0,0,0,0,0,0,0,0,0,0,0
1416448710.95375,pg_catalog,pg_cast,0,0,281848,67093,0,0,0,0,0,0,289,66804,177,289807,,,,
1416448710.95375,pg_catalog,pg_amop,0,0,70428,123606,0,0,0,0,0,0,478,118171,1125,149724,,,,
1416448710.95375,pg_catalog,pg_user_mapping,0,0,0,0,0,0,0,0,0,0,0,0,0,0,,,,
1416448710.95375,pg_catalog,pg_type,0,0,200013,198008,542,0,523,0,360,41,1135,199133,1787,411366,,,,
1416448710.95375,information_schema,sql_parts,0,0,,,0,0,0,0,0,0,0,0,,,0,0,0,0
1416448710.95375,pg_catalog,pg_largeobject,0,0,0,0,0,0,0,0,0,0,0,0,0,0,,,,
1416448710.95375,pg_catalog,pg_ts_config_map,0,0,0,0,0,0,0,0,0,0,0,0,0,0,,,,
1416448710.95375,pg_catalog,pg_largeobject_metadata,0,0,0,0,0,0,0,0,0,0,0,0,0,0,,,,
1416448710.95375,pg_catalog,pg_am,12303,12303,0,0,0,0,0,0,0,0,83,12220,0,0,,,,
1416448710.95375,pg_toast,pg_toast_12718,0,0,0,0,0,0,0,0,0,0,0,0,0,0,,,,
1416448710.95375,pg_catalog,pg_ts_template,0,0,0,0,0,0,0,0,0,0,0,0,0,0,,,,
1416448710.95375,pg_catalog,pg_foreign_server,0,0,0,0,0,0,0,0,0,0,0,0,0,0,,,,
1416448710.95375,pg_catalog,pg_namespace,424,5186,44328,35868,22,0,0,0,22,0,116,36232,503,52969,,,,
1416448710.95375,pg_toast,pg_toast_2619,0,0,31076,106265,1690,0,1438,0,262,10,10532,41729,495,44552,,,,
1416448710.95375,pg_catalog,pg_authid,223,223,16977,16977,0,0,0,0,0,0,82,17118,360,33594,,,,
1416448710.95375,pg_catalog,pg_default_acl,0,0,1096,0,0,0,0,0,0,0,0,0,117,979,,,,
1416448710.95375,pg_catalog,pg_shdepend,0,0,1479,297,0,0,0,0,0,0,134,163,537,1482,,,,
1416448710.95375,pg_catalog,pg_constraint,0,0,88,40,48,0,40,0,10,40,26,249,48,464,0,0,0,0
1416448710.95375,pg_catalog,pg_index,1295,125764,91321,131246,239,0,211,0,143,45,907,118708,554,104649,,,,
1416448710.95375,pg_catalog,pg_ts_dict,0,0,0,0,0,0,0,0,0,0,0,0,0,0,,,,
1416448710.95375,pg_toast,pg_toast_2604,0,0,0,0,0,0,0,0,0,0,0,0,0,0,,,,
1416448710.95375,pg_catalog,pg_proc,0,0,73666,109651,0,0,0,0,0,0,6926,72769,2770,160521,0,0,0,0
1416448770.95504,pg_catalog,pg_attrdef,0,0,0,0,0,0,0,0,0,0,0,0,0,0,0,0,0,0
1416448770.95504,pg_catalog,pg_db_role_setting,0,0,35324,0,0,0,0,0,0,0,0,0,74,35250,0,0,0,0
1416448770.95504,pg_toast,pg_toast_12713,0,0,0,0,0,0,0,0,0,0,0,0,0,0,,,,
1416448770.95504,pg_catalog,pg_rowsecurity,0,0,0,0,0,0,0,0,0,0,0,0,0,0,,,,
1416448770.95504,pg_catalog,pg_description,0,0,1181,0,0,0,0,0,0,0,0,0,396,2230,0,0,0,0
1416448770.95504,pg_catalog,pg_foreign_data_wrapper,0,0,0,0,0,0,0,0,0,0,0,0,0,0,,,,
1416448770.95504,pg_catalog,pg_conversion,0,0,0,0,0,0,0,0,0,0,0,0,0,0,,,,
1416448770.95504,public,nation,16,125,25418,25418,25,0,0,0,25,0,7,25426,6,25425,,,,
1416448770.95504,pg_catalog,pg_class,2620,579003,213046,195847,513,143,475,136,337,66,1795,218803,1715,446086,,,,
1416448770.95504,information_schema,sql_implementation_info,0,0,,,0,0,0,0,0,0,0,0,,,0,0,0,0
1416448770.95504,pg_catalog,pg_opfamily,0,0,0,0,0,0,0,0,0,0,0,0,0,0,,,,
1416448770.95504,pg_catalog,pg_auth_members,0,0,0,0,0,0,0,0,0,0,0,0,0,0,,,,
1416448770.95504,pg_catalog,pg_operator,0,0,64925,337618,0,0,0,0,0,0,1428,234100,1234,141095,,,,
1416448770.95504,information_schema,sql_languages,0,0,,,0,0,0,0,0,0,0,0,,,0,0,0,0
1416448770.95504,public,part,10,16000000,47,2024081,2000000,0,0,0,2000000,0,179015,450088,48425,147,,,,
1416448770.95504,pg_toast,pg_toast_12693,0,0,0,0,0,0,0,0,0,0,0,0,0,0,,,,
1416448770.95504,pg_catalog,pg_attribute,627,4275,171980,386673,1922,60,1744,31,2514,402,5233,198038,1506,362034,,,,
1416448770.95504,pg_toast,pg_toast_12698,0,0,0,0,0,0,0,0,0,0,0,0,0,0,,,,
1416448770.95504,pg_catalog,pg_tablespace,2,4,6021,6021,0,0,0,0,0,0,126,5897,268,11808,,,,
1416448770.95504,pg_catalog,pg_statistic,0,0,45107,43135,464,1106,401,743,464,51,3429,43487,475,97590,10540,41737,496,44582
1416448770.95504,pg_toast,pg_toast_12703,0,0,0,0,0,0,0,0,0,0,0,0,0,0,,,,
1416448770.95504,information_schema,sql_packages,0,0,,,0,0,0,0,0,0,0,0,,,0,0,0,0
1416448770.95504,information_schema,sql_sizing_profiles,0,0,,,0,0,0,0,0,0,0,0,,,0,0,0,0
1416448770.95504,pg_catalog,pg_aggregate,0,0,4477,4477,0,0,0,0,0,0,288,4189,676,7133,,,,
1416448770.95504,pg_catalog,pg_inherits,0,0,264,0,0,0,0,0,0,0,0,0,140,124,,,,
1416448770.95504,pg_catalog,pg_enum,0,0,0,0,0,0,0,0,0,0,0,0,0,0,,,,
1416448770.95504,pg_toast,pg_toast_2396,0,0,0,0,0,0,0,0,0,0,0,0,0,0,,,,
1416448770.95504,pg_catalog,pg_pltemplate,0,0,0,0,0,0,0,0,0,0,0,0,0,0,,,,
1416448770.95504,pg_toast,pg_toast_2618,0,0,934,2982,0,0,0,0,0,0,587,561,173,1335,,,,
1416448770.95504,pg_toast,pg_toast_3596,0,0,0,0,0,0,0,0,0,0,0,0,0,0,,,,
1416448770.95504,information_schema,sql_features,0,0,,,0,0,0,0,0,0,0,0,,,0,0,0,0
1416448770.95504,public,supplier,6,400000,3291648,3891642,100000,0,0,0,100000,0,4493,3322547,565,6601417,,,,
1416448770.95504,pg_toast,pg_toast_2606,0,0,0,0,0,0,0,0,0,0,0,0,0,0,,,,
1416448770.95504,pg_toast,pg_toast_12723,0,0,0,0,0,0,0,0,0,0,0,0,0,0,,,,
1416448770.95504,pg_toast,pg_toast_2964,0,0,0,0,0,0,0,0,0,0,0,0,0,0,,,,
1416448770.95504,pg_catalog,pg_database,607,2296,28524,28522,1,0,0,0,1,0,48,29082,339,45827,,,,
1416448770.95504,information_schema,sql_sizing,0,0,,,0,0,0,0,0,0,0,0,,,0,0,0,0
1416448770.95504,pg_toast,pg_toast_2620,0,0,0,0,0,0,0,0,0,0,0,0,0,0,,,,
1416448770.95504,pg_catalog,pg_depend,0,0,11276,12087,2105,0,2016,0,7106,472,1827,13578,2978,29209,,,,
1416448770.95504,pg_catalog,pg_language,0,0,0,0,0,0,0,0,0,0,0,0,0,0,,,,
1416448770.95504,public,region,6349,31720,12,12,5,0,0,0,5,0,6,6360,4,13,,,,
1416448770.95504,public,lineitem,15,539874468,527362,135805075,60045669,0,0,0,60045781,0,12092273,21208744,486915,3056811,,,,
1416448770.95504,pg_catalog,pg_amproc,114,228,41454,121905,0,0,0,0,0,0,751,40451,362,91191,,,,
1416448770.95504,pg_catalog,pg_collation,0,0,0,0,0,0,0,0,0,0,0,0,0,0,,,,
1416448770.95504,pg_toast,pg_toast_12708,0,0,0,0,0,0,0,0,0,0,0,0,0,0,,,,
1416448770.95504,public,partsupp,10,40000000,28397,113498,8000000,0,0,0,8000000,0,666990,1343663,40387,67240,,,,
1416448770.95504,pg_catalog,pg_range,0,0,2002,0,0,0,0,0,0,0,0,0,644,3360,,,,
1416448770.95504,pg_toast,pg_toast_2609,0,0,0,0,0,0,0,0,0,0,0,0,0,0,,,,
1416448770.95504,pg_catalog,pg_opclass,114,114,55527,577722,0,0,0,0,0,0,264,231021,677,67125,,,,
1416448770.95504,pg_catalog,pg_rewrite,0,0,2152,1723,143,0,143,0,110,71,1022,1719,507,3159,587,561,346,2670
1416448770.95504,public,customer,10,9000000,28,28,1500000,0,0,0,1500000,0,68535,365453,17758,110,,,,
1416448770.95504,pg_toast,pg_toast_1255,0,0,0,0,0,0,0,0,0,0,0,0,0,0,,,,
1416448770.95504,pg_catalog,pg_seclabel,0,0,1181,0,0,0,0,0,0,0,0,0,128,1053,0,0,0,0
1416448770.95504,pg_catalog,pg_ts_parser,0,0,0,0,0,0,0,0,0,0,0,0,0,0,,,,
1416448770.95504,pg_catalog,pg_trigger,0,0,0,0,0,0,0,0,0,0,0,0,0,0,0,0,0,0
1416448770.95504,public,orders,9,60000000,3266250,3266250,15015000,0,0,0,15015000,0,956458,4880690,82370,9886018,,,,
1416448770.95504,public,time_statistics,8,43,,,10,8,0,8,10,8,3,23,,,,,,
1416448770.95504,pg_catalog,pg_shseclabel,0,0,0,0,0,0,0,0,0,0,0,0,0,0,,,,
1416448770.95504,pg_catalog,pg_event_trigger,0,0,502,0,0,0,0,0,0,0,0,0,135,367,,,,
1416448770.95504,pg_catalog,pg_foreign_table,0,0,0,0,0,0,0,0,0,0,0,0,0,0,,,,
1416448770.95504,pg_catalog,pg_extension,0,0,0,0,0,0,0,0,0,0,0,0,0,0,,,,
1416448770.95504,pg_catalog,pg_ts_config,0,0,0,0,0,0,0,0,0,0,0,0,0,0,,,,
1416448770.95504,pg_catalog,pg_shdescription,0,0,0,0,0,0,0,0,0,0,0,0,0,0,0,0,0,0
1416448770.95504,pg_catalog,pg_cast,0,0,282080,67158,0,0,0,0,0,0,290,66868,177,290050,,,,
1416448770.95504,pg_catalog,pg_amop,0,0,70483,123701,0,0,0,0,0,0,478,118263,1126,149847,,,,
1416448770.95504,pg_catalog,pg_user_mapping,0,0,0,0,0,0,0,0,0,0,0,0,0,0,,,,
1416448770.95504,pg_catalog,pg_type,0,0,200263,198258,542,0,523,0,360,41,1135,199383,1788,411877,,,,
1416448770.95504,information_schema,sql_parts,0,0,,,0,0,0,0,0,0,0,0,,,0,0,0,0
1416448770.95504,pg_catalog,pg_largeobject,0,0,0,0,0,0,0,0,0,0,0,0,0,0,,,,
1416448770.95504,pg_catalog,pg_ts_config_map,0,0,0,0,0,0,0,0,0,0,0,0,0,0,,,,
1416448770.95504,pg_catalog,pg_largeobject_metadata,0,0,0,0,0,0,0,0,0,0,0,0,0,0,,,,
1416448770.95504,pg_catalog,pg_am,12317,12317,0,0,0,0,0,0,0,0,83,12234,0,0,,,,
1416448770.95504,pg_toast,pg_toast_12718,0,0,0,0,0,0,0,0,0,0,0,0,0,0,,,,
1416448770.95504,pg_catalog,pg_ts_template,0,0,0,0,0,0,0,0,0,0,0,0,0,0,,,,
1416448770.95504,pg_catalog,pg_foreign_server,0,0,0,0,0,0,0,0,0,0,0,0,0,0,,,,
1416448770.95504,pg_catalog,pg_namespace,426,5242,44503,36032,22,0,0,0,22,0,116,36398,505,53155,,,,
1416448770.95504,pg_toast,pg_toast_2619,0,0,31089,106301,1690,0,1438,0,262,10,10540,41737,496,44582,,,,
1416448770.95504,pg_catalog,pg_authid,224,224,16999,16999,0,0,0,0,0,0,82,17141,360,33638,,,,
1416448770.95504,pg_catalog,pg_default_acl,0,0,1096,0,0,0,0,0,0,0,0,0,117,979,,,,
1416448770.95504,pg_catalog,pg_shdepend,0,0,1479,297,0,0,0,0,0,0,134,163,537,1482,,,,
1416448770.95504,pg_catalog,pg_constraint,0,0,88,40,48,0,40,0,10,40,26,249,48,464,0,0,0,0
1416448770.95504,pg_catalog,pg_index,1300,126479,91401,131357,239,0,211,0,143,45,908,118835,555,104747,,,,
1416448770.95504,pg_catalog,pg_ts_dict,0,0,0,0,0,0,0,0,0,0,0,0,0,0,,,,
1416448770.95504,pg_toast,pg_toast_2604,0,0,0,0,0,0,0,0,0,0,0,0,0,0,,,,
1416448770.95504,pg_catalog,pg_proc,0,0,73789,109829,0,0,0,0,0,0,6943,72890,2777,160782,0,0,0,0
1416448830.9576,pg_catalog,pg_attrdef,0,0,0,0,0,0,0,0,0,0,0,0,0,0,0,0,0,0
1416448830.9576,pg_catalog,pg_db_role_setting,0,0,35376,0,0,0,0,0,0,0,0,0,74,35302,0,0,0,0
1416448830.9576,pg_toast,pg_toast_12713,0,0,0,0,0,0,0,0,0,0,0,0,0,0,,,,
1416448830.9576,pg_catalog,pg_rowsecurity,0,0,0,0,0,0,0,0,0,0,0,0,0,0,,,,
1416448830.9576,pg_catalog,pg_description,0,0,1181,0,0,0,0,0,0,0,0,0,396,2230,0,0,0,0
1416448830.9576,pg_catalog,pg_foreign_data_wrapper,0,0,0,0,0,0,0,0,0,0,0,0,0,0,,,,
1416448830.9576,pg_catalog,pg_conversion,0,0,0,0,0,0,0,0,0,0,0,0,0,0,,,,
1416448830.9576,public,nation,18,175,25424,25424,25,0,0,0,25,0,8,25433,8,25430,,,,
1416448830.9576,pg_catalog,pg_class,2630,582053,213515,196302,513,143,475,136,337,66,1796,219358,1716,447050,,,,
1416448830.9576,information_schema,sql_implementation_info,0,0,,,0,0,0,0,0,0,0,0,,,0,0,0,0
1416448830.9576,pg_catalog,pg_opfamily,0,0,0,0,0,0,0,0,0,0,0,0,0,0,,,,
1416448830.9576,pg_catalog,pg_auth_members,0,0,0,0,0,0,0,0,0,0,0,0,0,0,,,,
1416448830.9576,pg_catalog,pg_operator,0,0,64985,337953,0,0,0,0,0,0,1428,234330,1234,141232,,,,
1416448830.9576,information_schema,sql_languages,0,0,,,0,0,0,0,0,0,0,0,,,0,0,0,0
1416448830.9576,public,part,10,16000000,52,2037248,2000000,0,0,0,2000000,0,190342,450098,48493,163,,,,
1416448830.9576,pg_toast,pg_toast_12693,0,0,0,0,0,0,0,0,0,0,0,0,0,0,,,,
1416448830.9576,pg_catalog,pg_attribute,627,4275,172287,387246,1922,60,1744,31,2514,402,5234,198358,1506,362661,,,,
1416448830.9576,pg_toast,pg_toast_12698,0,0,0,0,0,0,0,0,0,0,0,0,0,0,,,,
1416448830.9576,pg_catalog,pg_tablespace,2,4,6030,6030,0,0,0,0,0,0,126,5906,268,11826,,,,
1416448830.9576,pg_catalog,pg_statistic,0,0,45168,43184,464,1106,401,743,464,51,3435,43530,475,97721,10550,41764,496,44643
1416448830.9576,pg_toast,pg_toast_12703,0,0,0,0,0,0,0,0,0,0,0,0,0,0,,,,
1416448830.9576,information_schema,sql_packages,0,0,,,0,0,0,0,0,0,0,0,,,0,0,0,0
1416448830.9576,information_schema,sql_sizing_profiles,0,0,,,0,0,0,0,0,0,0,0,,,0,0,0,0
1416448830.9576,pg_catalog,pg_aggregate,0,0,4480,4480,0,0,0,0,0,0,288,4192,676,7139,,,,
1416448830.9576,pg_catalog,pg_inherits,0,0,264,0,0,0,0,0,0,0,0,0,140,124,,,,
1416448830.9576,pg_catalog,pg_enum,0,0,0,0,0,0,0,0,0,0,0,0,0,0,,,,
1416448830.9576,pg_toast,pg_toast_2396,0,0,0,0,0,0,0,0,0,0,0,0,0,0,,,,
1416448830.9576,pg_catalog,pg_pltemplate,0,0,0,0,0,0,0,0,0,0,0,0,0,0,,,,
1416448830.9576,pg_toast,pg_toast_2618,0,0,939,2998,0,0,0,0,0,0,591,563,173,1343,,,,
1416448830.9576,pg_toast,pg_toast_3596,0,0,0,0,0,0,0,0,0,0,0,0,0,0,,,,
1416448830.9576,information_schema,sql_features,0,0,,,0,0,0,0,0,0,0,0,,,0,0,0,0
1416448830.9576,public,supplier,6,400000,3315811,3915805,100000,0,0,0,100000,0,6501,3344702,842,6649611,,,,
1416448830.9576,pg_toast,pg_toast_2606,0,0,0,0,0,0,0,0,0,0,0,0,0,0,,,,
1416448830.9576,pg_toast,pg_toast_12723,0,0,0,0,0,0,0,0,0,0,0,0,0,0,,,,
1416448830.9576,pg_toast,pg_toast_2964,0,0,0,0,0,0,0,0,0,0,0,0,0,0,,,,
1416448830.9576,pg_catalog,pg_database,610,2308,28571,28569,1,0,0,0,1,0,48,29132,339,45900,,,,
1416448830.9576,information_schema,sql_sizing,0,0,,,0,0,0,0,0,0,0,0,,,0,0,0,0
1416448830.9576,pg_toast,pg_toast_2620,0,0,0,0,0,0,0,0,0,0,0,0,0,0,,,,
1416448830.9576,pg_catalog,pg_depend,0,0,11276,12087,2105,0,2016,0,7106,472,1827,13578,2978,29209,,,,
1416448830.9576,pg_catalog,pg_language,0,0,0,0,0,0,0,0,0,0,0,0,0,0,,,,
1416448830.9576,public,region,6350,31725,14,14,5,0,0,0,5,0,7,6362,6,14,,,,
1416448830.9576,public,lineitem,17,659965806,540537,136200800,60045669,0,0,0,60045781,0,12688480,23141206,500403,3097153,,,,
1416448830.9576,pg_catalog,pg_amproc,114,228,41501,122015,0,0,0,0,0,0,751,40498,362,91296,,,,
1416448830.9576,pg_catalog,pg_collation,0,0,0,0,0,0,0,0,0,0,0,0,0,0,,,,
1416448830.9576,pg_toast,pg_toast_12708,0,0,0,0,0,0,0,0,0,0,0,0,0,0,,,,
1416448830.9576,public,partsupp,10,40000000,28397,113498,8000000,0,0,0,8000000,0,666990,1343663,40387,67240,,,,
1416448830.9576,pg_catalog,pg_range,0,0,2005,0,0,0,0,0,0,0,0,0,644,3366,,,,
1416448830.9576,pg_toast,pg_toast_2609,0,0,0,0,0,0,0,0,0,0,0,0,0,0,,,,
1416448830.9576,pg_catalog,pg_opclass,114,114,55584,578351,0,0,0,0,0,0,264,231270,677,67198,,,,
1416448830.9576,pg_catalog,pg_rewrite,0,0,2159,1730,143,0,143,0,110,71,1025,1723,507,3171,591,563,346,2686
1416448830.9576,public,customer,11,10500000,41,7500036,1500000,0,0,0,1500000,0,103813,541851,17770,137,,,,
1416448830.9576,pg_toast,pg_toast_1255,0,0,0,0,0,0,0,0,0,0,0,0,0,0,,,,
1416448830.9576,pg_catalog,pg_seclabel,0,0,1181,0,0,0,0,0,0,0,0,0,128,1053,0,0,0,0
1416448830.9576,pg_catalog,pg_ts_parser,0,0,0,0,0,0,0,0,0,0,0,0,0,0,,,,
1416448830.9576,pg_catalog,pg_trigger,0,0,0,0,0,0,0,0,0,0,0,0,0,0,0,0,0,0
1416448830.9576,public,orders,10,75015000,3661971,3661971,15015000,0,0,0,15015000,0,1247361,5239030,123575,11034183,,,,
1416448830.9576,public,time_statistics,10,64,,,12,10,0,10,12,10,3,29,,,,,,
1416448830.9576,pg_catalog,pg_shseclabel,0,0,0,0,0,0,0,0,0,0,0,0,0,0,,,,
1416448830.9576,pg_catalog,pg_event_trigger,0,0,502,0,0,0,0,0,0,0,0,0,135,367,,,,
1416448830.9576,pg_catalog,pg_foreign_table,0,0,0,0,0,0,0,0,0,0,0,0,0,0,,,,
1416448830.9576,pg_catalog,pg_extension,0,0,0,0,0,0,0,0,0,0,0,0,0,0,,,,
1416448830.9576,pg_catalog,pg_ts_config,0,0,0,0,0,0,0,0,0,0,0,0,0,0,,,,
1416448830.9576,pg_catalog,pg_shdescription,0,0,0,0,0,0,0,0,0,0,0,0,0,0,0,0,0,0
1416448830.9576,pg_catalog,pg_cast,0,0,282442,67237,0,0,0,0,0,0,290,66947,177,290423,,,,
1416448830.9576,pg_catalog,pg_amop,0,0,70567,123850,0,0,0,0,0,0,478,118407,1126,150029,,,,
1416448830.9576,pg_catalog,pg_user_mapping,0,0,0,0,0,0,0,0,0,0,0,0,0,0,,,,
1416448830.9576,pg_catalog,pg_type,0,0,200543,198538,542,0,523,0,360,41,1135,199663,1792,412445,,,,
1416448830.9576,information_schema,sql_parts,0,0,,,0,0,0,0,0,0,0,0,,,0,0,0,0
1416448830.9576,pg_catalog,pg_largeobject,0,0,0,0,0,0,0,0,0,0,0,0,0,0,,,,
1416448830.9576,pg_catalog,pg_ts_config_map,0,0,0,0,0,0,0,0,0,0,0,0,0,0,,,,
1416448830.9576,pg_catalog,pg_largeobject_metadata,0,0,0,0,0,0,0,0,0,0,0,0,0,0,,,,
1416448830.9576,pg_catalog,pg_am,12330,12330,0,0,0,0,0,0,0,0,83,12247,0,0,,,,
1416448830.9576,pg_toast,pg_toast_12718,0,0,0,0,0,0,0,0,0,0,0,0,0,0,,,,
1416448830.9576,pg_catalog,pg_ts_template,0,0,0,0,0,0,0,0,0,0,0,0,0,0,,,,
1416448830.9576,pg_catalog,pg_foreign_server,0,0,0,0,0,0,0,0,0,0,0,0,0,0,,,,
1416448830.9576,pg_catalog,pg_namespace,428,5298,44678,36196,22,0,0,0,22,0,116,36564,505,53343,,,,
1416448830.9576,pg_toast,pg_toast_2619,0,0,31117,106383,1690,0,1438,0,262,10,10550,41764,496,44643,,,,
1416448830.9576,pg_catalog,pg_authid,225,225,17021,17021,0,0,0,0,0,0,82,17164,360,33682,,,,
1416448830.9576,pg_catalog,pg_default_acl,0,0,1096,0,0,0,0,0,0,0,0,0,117,979,,,,
1416448830.9576,pg_catalog,pg_shdepend,0,0,1479,297,0,0,0,0,0,0,134,163,537,1482,,,,
1416448830.9576,pg_catalog,pg_constraint,0,0,88,40,48,0,40,0,10,40,26,249,48,464,0,0,0,0
1416448830.9576,pg_catalog,pg_index,1305,127194,91508,131509,239,0,211,0,143,45,908,119002,555,104872,,,,
1416448830.9576,pg_catalog,pg_ts_dict,0,0,0,0,0,0,0,0,0,0,0,0,0,0,,,,
1416448830.9576,pg_toast,pg_toast_2604,0,0,0,0,0,0,0,0,0,0,0,0,0,0,,,,
1416448830.9576,pg_catalog,pg_proc,0,0,73916,110012,0,0,0,0,0,0,6949,73029,2777,161058,0,0,0,0
1416448890.96224,pg_catalog,pg_attrdef,0,0,0,0,0,0,0,0,0,0,0,0,0,0,0,0,0,0
1416448890.96224,pg_catalog,pg_db_role_setting,0,0,35428,0,0,0,0,0,0,0,0,0,74,35354,0,0,0,0
1416448890.96224,pg_toast,pg_toast_12713,0,0,0,0,0,0,0,0,0,0,0,0,0,0,,,,
1416448890.96224,pg_catalog,pg_rowsecurity,0,0,0,0,0,0,0,0,0,0,0,0,0,0,,,,
1416448890.96224,pg_catalog,pg_description,0,0,1181,0,0,0,0,0,0,0,0,0,396,2230,0,0,0,0
1416448890.96224,pg_catalog,pg_foreign_data_wrapper,0,0,0,0,0,0,0,0,0,0,0,0,0,0,,,,
1416448890.96224,pg_catalog,pg_conversion,0,0,0,0,0,0,0,0,0,0,0,0,0,0,,,,
1416448890.96224,public,nation,19,200,25426,25426,25,0,0,0,25,0,8,25436,8,25433,,,,
1416448890.96224,pg_catalog,pg_class,2640,585103,213945,196722,513,143,475,136,337,66,1796,219879,1716,447936,,,,
1416448890.96224,information_schema,sql_implementation_info,0,0,,,0,0,0,0,0,0,0,0,,,0,0,0,0
1416448890.96224,pg_catalog,pg_opfamily,0,0,0,0,0,0,0,0,0,0,0,0,0,0,,,,
1416448890.96224,pg_catalog,pg_auth_members,0,0,0,0,0,0,0,0,0,0,0,0,0,0,,,,
1416448890.96224,pg_catalog,pg_operator,0,0,65031,338121,0,0,0,0,0,0,1428,234448,1234,141340,,,,
1416448890.96224,information_schema,sql_languages,0,0,,,0,0,0,0,0,0,0,0,,,0,0,0,0
1416448890.96224,public,part,10,16000000,52,2037248,2000000,0,0,0,2000000,0,190342,450098,48493,163,,,,
1416448890.96224,pg_toast,pg_toast_12693,0,0,0,0,0,0,0,0,0,0,0,0,0,0,,,,
1416448890.96224,pg_catalog,pg_attribute,627,4275,172556,387734,1922,60,1744,31,2514,402,5234,198639,1506,363211,,,,
1416448890.96224,pg_toast,pg_toast_12698,0,0,0,0,0,0,0,0,0,0,0,0,0,0,,,,
1416448890.96224,pg_catalog,pg_tablespace,2,4,6039,6039,0,0,0,0,0,0,126,5915,268,11844,,,,
1416448890.96224,pg_catalog,pg_statistic,0,0,45215,43219,464,1106,401,743,464,51,3436,43564,475,97824,10557,41783,496,44684
1416448890.96224,pg_toast,pg_toast_12703,0,0,0,0,0,0,0,0,0,0,0,0,0,0,,,,
1416448890.96224,information_schema,sql_packages,0,0,,,0,0,0,0,0,0,0,0,,,0,0,0,0
1416448890.96224,information_schema,sql_sizing_profiles,0,0,,,0,0,0,0,0,0,0,0,,,0,0,0,0
1416448890.96224,pg_catalog,pg_aggregate,0,0,4484,4484,0,0,0,0,0,0,288,4196,676,7146,,,,
1416448890.96224,pg_catalog,pg_inherits,0,0,264,0,0,0,0,0,0,0,0,0,140,124,,,,
1416448890.96224,pg_catalog,pg_enum,0,0,0,0,0,0,0,0,0,0,0,0,0,0,,,,
1416448890.96224,pg_toast,pg_toast_2396,0,0,0,0,0,0,0,0,0,0,0,0,0,0,,,,
1416448890.96224,pg_catalog,pg_pltemplate,0,0,0,0,0,0,0,0,0,0,0,0,0,0,,,,
1416448890.96224,pg_toast,pg_toast_2618,0,0,944,3014,0,0,0,0,0,0,591,569,173,1351,,,,
1416448890.96224,pg_toast,pg_toast_3596,0,0,0,0,0,0,0,0,0,0,0,0,0,0,,,,
1416448890.96224,information_schema,sql_features,0,0,,,0,0,0,0,0,0,0,0,,,0,0,0,0
1416448890.96224,public,supplier,6,400000,3315816,4015809,100000,0,0,0,100000,0,6501,3346885,845,6649621,,,,
1416448890.96224,pg_toast,pg_toast_2606,0,0,0,0,0,0,0,0,0,0,0,0,0,0,,,,
1416448890.96224,pg_toast,pg_toast_12723,0,0,0,0,0,0,0,0,0,0,0,0,0,0,,,,
1416448890.96224,pg_toast,pg_toast_2964,0,0,0,0,0,0,0,0,0,0,0,0,0,0,,,,
1416448890.96224,pg_catalog,pg_database,613,2320,28618,28616,1,0,0,0,1,0,48,29182,339,45973,,,,
1416448890.96224,information_schema,sql_sizing,0,0,,,0,0,0,0,0,0,0,0,,,0,0,0,0
1416448890.96224,pg_toast,pg_toast_2620,0,0,0,0,0,0,0,0,0,0,0,0,0,0,,,,
1416448890.96224,pg_catalog,pg_depend,0,0,11276,12087,2105,0,2016,0,7106,472,1827,13578,2978,29209,,,,
1416448890.96224,pg_catalog,pg_language,0,0,0,0,0,0,0,0,0,0,0,0,0,0,,,,
1416448890.96224,public,region,6350,31725,14,14,5,0,0,0,5,0,7,6362,6,14,,,,
1416448890.96224,public,lineitem,18,720011475,1976247,138382835,60045669,0,0,0,60045781,0,13222515,25123519,663058,8683663,,,,
1416448890.96224,pg_catalog,pg_amproc,114,228,41542,122109,0,0,0,0,0,0,751,40538,362,91388,,,,
1416448890.96224,pg_catalog,pg_collation,0,0,0,0,0,0,0,0,0,0,0,0,0,0,,,,
1416448890.96224,pg_toast,pg_toast_12708,0,0,0,0,0,0,0,0,0,0,0,0,0,0,,,,
1416448890.96224,public,partsupp,10,40000000,28397,113498,8000000,0,0,0,8000000,0,666990,1343663,40387,67240,,,,
1416448890.96224,pg_catalog,pg_range,0,0,2007,0,0,0,0,0,0,0,0,0,644,3370,,,,
1416448890.96224,pg_toast,pg_toast_2609,0,0,0,0,0,0,0,0,0,0,0,0,0,0,,,,
1416448890.96224,pg_catalog,pg_opclass,114,114,55633,578891,0,0,0,0,0,0,264,231483,677,67262,,,,
1416448890.96224,pg_catalog,pg_rewrite,0,0,2166,1737,143,0,143,0,110,71,1025,1730,507,3183,591,569,346,2702
1416448890.96224,public,customer,12,12000000,43,7500038,1500000,0,0,0,1500000,0,103813,577131,17774,143,,,,
1416448890.96224,pg_toast,pg_toast_1255,0,0,0,0,0,0,0,0,0,0,0,0,0,0,,,,
1416448890.96224,pg_catalog,pg_seclabel,0,0,1181,0,0,0,0,0,0,0,0,0,128,1053,0,0,0,0
1416448890.96224,pg_catalog,pg_ts_parser,0,0,0,0,0,0,0,0,0,0,0,0,0,0,,,,
1416448890.96224,pg_catalog,pg_trigger,0,0,0,0,0,0,0,0,0,0,0,0,0,0,0,0,0,0
1416448890.96224,public,orders,11,90030000,5176692,5176692,15015000,0,0,0,15015000,0,1270823,6983811,123578,15586530,,,,
1416448890.96224,public,time_statistics,12,89,,,14,12,0,12,14,12,3,35,,,,,,
1416448890.96224,pg_catalog,pg_shseclabel,0,0,0,0,0,0,0,0,0,0,0,0,0,0,,,,
1416448890.96224,pg_catalog,pg_event_trigger,0,0,502,0,0,0,0,0,0,0,0,0,135,367,,,,
1416448890.96224,pg_catalog,pg_foreign_table,0,0,0,0,0,0,0,0,0,0,0,0,0,0,,,,
1416448890.96224,pg_catalog,pg_extension,0,0,0,0,0,0,0,0,0,0,0,0,0,0,,,,
1416448890.96224,pg_catalog,pg_ts_config,0,0,0,0,0,0,0,0,0,0,0,0,0,0,,,,
1416448890.96224,pg_catalog,pg_shdescription,0,0,0,0,0,0,0,0,0,0,0,0,0,0,0,0,0,0
1416448890.96224,pg_catalog,pg_cast,0,0,282665,67300,0,0,0,0,0,0,290,67010,177,290657,,,,
1416448890.96224,pg_catalog,pg_amop,0,0,70638,123974,0,0,0,0,0,0,478,118528,1126,150185,,,,
1416448890.96224,pg_catalog,pg_user_mapping,0,0,0,0,0,0,0,0,0,0,0,0,0,0,,,,
1416448890.96224,pg_catalog,pg_type,0,0,200755,198748,542,0,523,0,360,41,1135,199873,1794,412879,,,,
1416448890.96224,information_schema,sql_parts,0,0,,,0,0,0,0,0,0,0,0,,,0,0,0,0
1416448890.96224,pg_catalog,pg_largeobject,0,0,0,0,0,0,0,0,0,0,0,0,0,0,,,,
1416448890.96224,pg_catalog,pg_ts_config_map,0,0,0,0,0,0,0,0,0,0,0,0,0,0,,,,
1416448890.96224,pg_catalog,pg_largeobject_metadata,0,0,0,0,0,0,0,0,0,0,0,0,0,0,,,,
1416448890.96224,pg_catalog,pg_am,12342,12342,0,0,0,0,0,0,0,0,83,12259,0,0,,,,
1416448890.96224,pg_toast,pg_toast_12718,0,0,0,0,0,0,0,0,0,0,0,0,0,0,,,,
1416448890.96224,pg_catalog,pg_ts_template,0,0,0,0,0,0,0,0,0,0,0,0,0,0,,,,
1416448890.96224,pg_catalog,pg_foreign_server,0,0,0,0,0,0,0,0,0,0,0,0,0,0,,,,
1416448890.96224,pg_catalog,pg_namespace,430,5354,44852,36359,22,0,0,0,22,0,116,36729,505,53530,,,,
1416448890.96224,pg_toast,pg_toast_2619,0,0,31135,106441,1690,0,1438,0,262,10,10557,41783,496,44684,,,,
1416448890.96224,pg_catalog,pg_authid,226,226,17043,17043,0,0,0,0,0,0,82,17187,360,33726,,,,
1416448890.96224,pg_catalog,pg_default_acl,0,0,1096,0,0,0,0,0,0,0,0,0,117,979,,,,
1416448890.96224,pg_catalog,pg_shdepend,0,0,1479,297,0,0,0,0,0,0,134,163,537,1482,,,,
1416448890.96224,pg_catalog,pg_constraint,0,0,88,40,48,0,40,0,10,40,26,249,48,464,0,0,0,0
1416448890.96224,pg_catalog,pg_index,1310,127909,91591,131622,239,0,211,0,143,45,908,119131,555,104972,,,,
1416448890.96224,pg_catalog,pg_ts_dict,0,0,0,0,0,0,0,0,0,0,0,0,0,0,,,,
1416448890.96224,pg_toast,pg_toast_2604,0,0,0,0,0,0,0,0,0,0,0,0,0,0,,,,
1416448890.96224,pg_catalog,pg_proc,0,0,74031,110164,0,0,0,0,0,0,6953,73155,2778,161309,0,0,0,0
1416448950.96311,pg_catalog,pg_attrdef,0,0,0,0,0,0,0,0,0,0,0,0,0,0,0,0,0,0
1416448950.96311,pg_catalog,pg_db_role_setting,0,0,35492,0,0,0,0,0,0,0,0,0,74,35418,0,0,0,0
1416448950.96311,pg_toast,pg_toast_12713,0,0,0,0,0,0,0,0,0,0,0,0,0,0,,,,
1416448950.96311,pg_catalog,pg_rowsecurity,0,0,0,0,0,0,0,0,0,0,0,0,0,0,,,,
1416448950.96311,pg_catalog,pg_description,0,0,1181,0,0,0,0,0,0,0,0,0,396,2230,0,0,0,0
1416448950.96311,pg_catalog,pg_foreign_data_wrapper,0,0,0,0,0,0,0,0,0,0,0,0,0,0,,,,
1416448950.96311,pg_catalog,pg_conversion,0,0,0,0,0,0,0,0,0,0,0,0,0,0,,,,
1416448950.96311,public,nation,19,200,25426,25426,25,0,0,0,25,0,8,25436,8,25433,,,,
1416448950.96311,pg_catalog,pg_class,2650,588153,214425,197188,513,143,475,136,337,66,1797,220445,1716,448933,,,,
1416448950.96311,information_schema,sql_implementation_info,0,0,,,0,0,0,0,0,0,0,0,,,0,0,0,0
1416448950.96311,pg_catalog,pg_opfamily,0,0,0,0,0,0,0,0,0,0,0,0,0,0,,,,
1416448950.96311,pg_catalog,pg_auth_members,0,0,0,0,0,0,0,0,0,0,0,0,0,0,,,,
1416448950.96311,pg_catalog,pg_operator,0,0,65101,338470,0,0,0,0,0,0,1428,234688,1234,141501,,,,
1416448950.96311,information_schema,sql_languages,0,0,,,0,0,0,0,0,0,0,0,,,0,0,0,0
1416448950.96311,public,part,10,16000000,62,4037250,2000000,0,0,0,2000000,0,230864,450100,48504,172,,,,
1416448950.96311,pg_toast,pg_toast_12693,0,0,0,0,0,0,0,0,0,0,0,0,0,0,,,,
1416448950.96311,pg_catalog,pg_attribute,627,4275,172868,388319,1922,60,1744,31,2514,402,5234,198971,1506,363855,,,,
1416448950.96311,pg_toast,pg_toast_12698,0,0,0,0,0,0,0,0,0,0,0,0,0,0,,,,
1416448950.96311,pg_catalog,pg_tablespace,2,4,6050,6050,0,0,0,0,0,0,126,5926,268,11866,,,,
1416448950.96311,pg_catalog,pg_statistic,0,0,45274,43263,464,1106,401,743,464,51,3442,43602,475,97953,10574,41803,496,44742
1416448950.96311,pg_toast,pg_toast_12703,0,0,0,0,0,0,0,0,0,0,0,0,0,0,,,,
1416448950.96311,information_schema,sql_packages,0,0,,,0,0,0,0,0,0,0,0,,,0,0,0,0
1416448950.96311,information_schema,sql_sizing_profiles,0,0,,,0,0,0,0,0,0,0,0,,,0,0,0,0
1416448950.96311,pg_catalog,pg_aggregate,0,0,4490,4490,0,0,0,0,0,0,288,4202,676,7156,,,,
1416448950.96311,pg_catalog,pg_inherits,0,0,264,0,0,0,0,0,0,0,0,0,140,124,,,,
1416448950.96311,pg_catalog,pg_enum,0,0,0,0,0,0,0,0,0,0,0,0,0,0,,,,
1416448950.96311,pg_toast,pg_toast_2396,0,0,0,0,0,0,0,0,0,0,0,0,0,0,,,,
1416448950.96311,pg_catalog,pg_pltemplate,0,0,0,0,0,0,0,0,0,0,0,0,0,0,,,,
1416448950.96311,pg_toast,pg_toast_2618,0,0,949,3030,0,0,0,0,0,0,595,571,173,1359,,,,
1416448950.96311,pg_toast,pg_toast_3596,0,0,0,0,0,0,0,0,0,0,0,0,0,0,,,,
1416448950.96311,information_schema,sql_features,0,0,,,0,0,0,0,0,0,0,0,,,0,0,0,0
1416448950.96311,public,supplier,6,400000,3315817,4015865,100000,0,0,0,100000,0,6501,3346940,848,6649621,,,,
1416448950.96311,pg_toast,pg_toast_2606,0,0,0,0,0,0,0,0,0,0,0,0,0,0,,,,
1416448950.96311,pg_toast,pg_toast_12723,0,0,0,0,0,0,0,0,0,0,0,0,0,0,,,,
1416448950.96311,pg_toast,pg_toast_2964,0,0,0,0,0,0,0,0,0,0,0,0,0,0,,,,
1416448950.96311,pg_catalog,pg_database,616,2332,28674,28672,1,0,0,0,1,0,48,29241,339,46061,,,,
1416448950.96311,information_schema,sql_sizing,0,0,,,0,0,0,0,0,0,0,0,,,0,0,0,0
1416448950.96311,pg_toast,pg_toast_2620,0,0,0,0,0,0,0,0,0,0,0,0,0,0,,,,
1416448950.96311,pg_catalog,pg_depend,0,0,11276,12087,2105,0,2016,0,7106,472,1827,13578,2978,29209,,,,
1416448950.96311,pg_catalog,pg_language,0,0,0,0,0,0,0,0,0,0,0,0,0,0,,,,
1416448950.96311,public,region,6350,31725,14,14,5,0,0,0,5,0,7,6362,6,14,,,,
1416448950.96311,public,lineitem,18,720011475,1976250,198428506,60045669,0,0,0,60045781,0,14126695,25285814,663095,8683685,,,,
1416448950.96311,pg_catalog,pg_amproc,114,228,41607,122245,0,0,0,0,0,0,751,40602,362,91536,,,,
1416448950.96311,pg_catalog,pg_collation,0,0,0,0,0,0,0,0,0,0,0,0,0,0,,,,
1416448950.96311,pg_toast,pg_toast_12708,0,0,0,0,0,0,0,0,0,0,0,0,0,0,,,,
1416448950.96311,public,partsupp,11,48000000,28399,113500,8000000,0,0,0,8000000,0,837948,1343665,40393,67241,,,,
1416448950.96311,pg_catalog,pg_range,0,0,2010,0,0,0,0,0,0,0,0,0,644,3376,,,,
1416448950.96311,pg_toast,pg_toast_2609,0,0,0,0,0,0,0,0,0,0,0,0,0,0,,,,
1416448950.96311,pg_catalog,pg_opclass,114,114,55712,579785,0,0,0,0,0,0,264,231838,677,67365,,,,
1416448950.96311,pg_catalog,pg_rewrite,0,0,2173,1744,143,0,143,0,110,71,1028,1734,507,3195,595,571,346,2718
1416448950.96311,public,customer,12,12000000,64,8372083,1500000,0,0,0,1500000,0,103813,682865,20514,185,,,,
1416448950.96311,pg_toast,pg_toast_1255,0,0,0,0,0,0,0,0,0,0,0,0,0,0,,,,
1416448950.96311,pg_catalog,pg_seclabel,0,0,1181,0,0,0,0,0,0,0,0,0,128,1053,0,0,0,0
1416448950.96311,pg_catalog,pg_ts_parser,0,0,0,0,0,0,0,0,0,0,0,0,0,0,,,,
1416448950.96311,pg_catalog,pg_trigger,0,0,0,0,0,0,0,0,0,0,0,0,0,0,0,0,0,0
1416448950.96311,public,orders,12,105045000,5176695,20191694,15015000,0,0,0,15015000,0,1271491,7490189,123589,15586539,,,,
1416448950.96311,public,time_statistics,15,134,,,17,15,0,15,17,15,3,44,,,,,,
1416448950.96311,pg_catalog,pg_shseclabel,0,0,0,0,0,0,0,0,0,0,0,0,0,0,,,,
1416448950.96311,pg_catalog,pg_event_trigger,0,0,502,0,0,0,0,0,0,0,0,0,135,367,,,,
1416448950.96311,pg_catalog,pg_foreign_table,0,0,0,0,0,0,0,0,0,0,0,0,0,0,,,,
1416448950.96311,pg_catalog,pg_extension,0,0,0,0,0,0,0,0,0,0,0,0,0,0,,,,
1416448950.96311,pg_catalog,pg_ts_config,0,0,0,0,0,0,0,0,0,0,0,0,0,0,,,,
1416448950.96311,pg_catalog,pg_shdescription,0,0,0,0,0,0,0,0,0,0,0,0,0,0,0,0,0,0
1416448950.96311,pg_catalog,pg_cast,0,0,283083,67392,0,0,0,0,0,0,290,67102,177,291089,,,,
1416448950.96311,pg_catalog,pg_amop,0,0,70744,124163,0,0,0,0,0,0,478,118709,1127,150413,,,,
1416448950.96311,pg_catalog,pg_user_mapping,0,0,0,0,0,0,0,0,0,0,0,0,0,0,,,,
1416448950.96311,pg_catalog,pg_type,0,0,201076,199067,542,0,523,0,360,41,1135,200192,1794,413537,,,,
1416448950.96311,information_schema,sql_parts,0,0,,,0,0,0,0,0,0,0,0,,,0,0,0,0
1416448950.96311,pg_catalog,pg_largeobject,0,0,0,0,0,0,0,0,0,0,0,0,0,0,,,,
1416448950.96311,pg_catalog,pg_ts_config_map,0,0,0,0,0,0,0,0,0,0,0,0,0,0,,,,
1416448950.96311,pg_catalog,pg_largeobject_metadata,0,0,0,0,0,0,0,0,0,0,0,0,0,0,,,,
1416448950.96311,pg_catalog,pg_am,12363,12363,0,0,0,0,0,0,0,0,83,12280,0,0,,,,
1416448950.96311,pg_toast,pg_toast_12718,0,0,0,0,0,0,0,0,0,0,0,0,0,0,,,,
1416448950.96311,pg_catalog,pg_ts_template,0,0,0,0,0,0,0,0,0,0,0,0,0,0,,,,
1416448950.96311,pg_catalog,pg_foreign_server,0,0,0,0,0,0,0,0,0,0,0,0,0,0,,,,
1416448950.96311,pg_catalog,pg_namespace,432,5410,45034,36527,22,0,0,0,22,0,116,36899,505,53728,,,,
1416448950.96311,pg_toast,pg_toast_2619,0,0,31161,106527,1690,0,1438,0,262,10,10574,41803,496,44742,,,,
1416448950.96311,pg_catalog,pg_authid,227,227,17071,17071,0,0,0,0,0,0,82,17216,360,33782,,,,
1416448950.96311,pg_catalog,pg_default_acl,0,0,1096,0,0,0,0,0,0,0,0,0,117,979,,,,
1416448950.96311,pg_catalog,pg_shdepend,0,0,1479,297,0,0,0,0,0,0,134,163,537,1482,,,,
1416448950.96311,pg_catalog,pg_constraint,0,0,88,40,48,0,40,0,10,40,26,249,48,464,0,0,0,0
1416448950.96311,pg_catalog,pg_index,1315,128624,91698,131768,239,0,211,0,143,45,908,119292,555,105105,,,,
1416448950.96311,pg_catalog,pg_ts_dict,0,0,0,0,0,0,0,0,0,0,0,0,0,0,,,,
1416448950.96311,pg_toast,pg_toast_2604,0,0,0,0,0,0,0,0,0,0,0,0,0,0,,,,
1416448950.96311,pg_catalog,pg_proc,0,0,74172,110365,0,0,0,0,0,0,6960,73307,2781,161616,0,0,0,0
1416449010.96487,pg_catalog,pg_attrdef,0,0,0,0,0,0,0,0,0,0,0,0,0,0,0,0,0,0
1416449010.96487,pg_catalog,pg_db_role_setting,0,0,35544,0,0,0,0,0,0,0,0,0,74,35470,0,0,0,0
1416449010.96487,pg_toast,pg_toast_12713,0,0,0,0,0,0,0,0,0,0,0,0,0,0,,,,
1416449010.96487,pg_catalog,pg_rowsecurity,0,0,0,0,0,0,0,0,0,0,0,0,0,0,,,,
1416449010.96487,pg_catalog,pg_description,0,0,1181,0,0,0,0,0,0,0,0,0,396,2230,0,0,0,0
1416449010.96487,pg_catalog,pg_foreign_data_wrapper,0,0,0,0,0,0,0,0,0,0,0,0,0,0,,,,
1416449010.96487,pg_catalog,pg_conversion,0,0,0,0,0,0,0,0,0,0,0,0,0,0,,,,
1416449010.96487,public,nation,21,250,25430,25430,25,0,0,0,25,0,9,25441,10,25436,,,,
1416449010.96487,pg_catalog,pg_class,2660,591203,214857,197611,513,143,475,136,337,66,1798,220968,1717,449825,,,,
1416449010.96487,information_schema,sql_implementation_info,0,0,,,0,0,0,0,0,0,0,0,,,0,0,0,0
1416449010.96487,pg_catalog,pg_opfamily,0,0,0,0,0,0,0,0,0,0,0,0,0,0,,,,
1416449010.96487,pg_catalog,pg_auth_members,0,0,0,0,0,0,0,0,0,0,0,0,0,0,,,,
1416449010.96487,pg_catalog,pg_operator,0,0,65151,338666,0,0,0,0,0,0,1428,234829,1234,141618,,,,
1416449010.96487,information_schema,sql_languages,0,0,,,0,0,0,0,0,0,0,0,,,0,0,0,0
1416449010.96487,public,part,10,16000000,62,4037250,2000000,0,0,0,2000000,0,230864,450100,48504,172,,,,
1416449010.96487,pg_toast,pg_toast_12693,0,0,0,0,0,0,0,0,0,0,0,0,0,0,,,,
1416449010.96487,pg_catalog,pg_attribute,627,4275,173152,388833,1922,60,1744,31,2514,402,5234,199269,1506,364439,,,,
1416449010.96487,pg_toast,pg_toast_12698,0,0,0,0,0,0,0,0,0,0,0,0,0,0,,,,
1416449010.96487,pg_catalog,pg_tablespace,2,4,6059,6059,0,0,0,0,0,0,126,5935,268,11884,,,,
1416449010.96487,pg_catalog,pg_statistic,0,0,45323,43298,464,1106,401,743,464,51,3449,43630,475,98061,10582,41818,496,44783
1416449010.96487,pg_toast,pg_toast_12703,0,0,0,0,0,0,0,0,0,0,0,0,0,0,,,,
1416449010.96487,information_schema,sql_packages,0,0,,,0,0,0,0,0,0,0,0,,,0,0,0,0
1416449010.96487,information_schema,sql_sizing_profiles,0,0,,,0,0,0,0,0,0,0,0,,,0,0,0,0
1416449010.96487,pg_catalog,pg_aggregate,0,0,4493,4493,0,0,0,0,0,0,288,4205,676,7162,,,,
1416449010.96487,pg_catalog,pg_inherits,0,0,264,0,0,0,0,0,0,0,0,0,140,124,,,,
1416449010.96487,pg_catalog,pg_enum,0,0,0,0,0,0,0,0,0,0,0,0,0,0,,,,
1416449010.96487,pg_toast,pg_toast_2396,0,0,0,0,0,0,0,0,0,0,0,0,0,0,,,,
1416449010.96487,pg_catalog,pg_pltemplate,0,0,0,0,0,0,0,0,0,0,0,0,0,0,,,,
1416449010.96487,pg_toast,pg_toast_2618,0,0,955,3048,0,0,0,0,0,0,601,572,173,1369,,,,
1416449010.96487,pg_toast,pg_toast_3596,0,0,0,0,0,0,0,0,0,0,0,0,0,0,,,,
1416449010.96487,information_schema,sql_features,0,0,,,0,0,0,0,0,0,0,0,,,0,0,0,0
1416449010.96487,public,supplier,6,400000,3315827,4215873,100000,0,0,0,100000,0,8624,3349183,856,6649637,,,,
1416449010.96487,pg_toast,pg_toast_2606,0,0,0,0,0,0,0,0,0,0,0,0,0,0,,,,
1416449010.96487,pg_toast,pg_toast_12723,0,0,0,0,0,0,0,0,0,0,0,0,0,0,,,,
1416449010.96487,pg_toast,pg_toast_2964,0,0,0,0,0,0,0,0,0,0,0,0,0,0,,,,
1416449010.96487,pg_catalog,pg_database,619,2344,28721,28719,1,0,0,0,1,0,48,29291,339,46134,,,,
1416449010.96487,information_schema,sql_sizing,0,0,,,0,0,0,0,0,0,0,0,,,0,0,0,0
1416449010.96487,pg_toast,pg_toast_2620,0,0,0,0,0,0,0,0,0,0,0,0,0,0,,,,
1416449010.96487,pg_catalog,pg_depend,0,0,11276,12087,2105,0,2016,0,7106,472,1827,13578,2978,29209,,,,
1416449010.96487,pg_catalog,pg_language,0,0,0,0,0,0,0,0,0,0,0,0,0,0,,,,
1416449010.96487,public,region,6350,31725,14,14,5,0,0,0,5,0,7,6362,6,14,,,,
1416449010.96487,public,lineitem,18,720011475,2551096,199261424,60045669,0,0,0,60045781,0,14578291,25413986,822327,10826203,,,,
1416449010.96487,pg_catalog,pg_amproc,114,228,41645,122330,0,0,0,0,0,0,751,40639,362,91624,,,,
1416449010.96487,pg_catalog,pg_collation,0,0,0,0,0,0,0,0,0,0,0,0,0,0,,,,
1416449010.96487,pg_toast,pg_toast_12708,0,0,0,0,0,0,0,0,0,0,0,0,0,0,,,,
1416449010.96487,public,partsupp,13,64000000,28399,113500,8000000,0,0,0,8000000,0,1008904,1514625,40394,67241,,,,
1416449010.96487,pg_catalog,pg_range,0,0,2012,0,0,0,0,0,0,0,0,0,644,3380,,,,
1416449010.96487,pg_toast,pg_toast_2609,0,0,0,0,0,0,0,0,0,0,0,0,0,0,,,,
1416449010.96487,pg_catalog,pg_opclass,114,114,55756,580239,0,0,0,0,0,0,264,232018,677,67426,,,,
1416449010.96487,pg_catalog,pg_rewrite,0,0,2181,1752,143,0,143,0,110,71,1034,1736,507,3209,601,572,346,2738
1416449010.96487,public,customer,12,12000000,64,8372083,1500000,0,0,0,1500000,0,103813,682865,20514,185,,,,
1416449010.96487,pg_toast,pg_toast_1255,0,0,0,0,0,0,0,0,0,0,0,0,0,0,,,,
1416449010.96487,pg_catalog,pg_seclabel,0,0,1181,0,0,0,0,0,0,0,0,0,128,1053,0,0,0,0
1416449010.96487,pg_catalog,pg_ts_parser,0,0,0,0,0,0,0,0,0,0,0,0,0,0,,,,
1416449010.96487,pg_catalog,pg_trigger,0,0,0,0,0,0,0,0,0,0,0,0,0,0,0,0,0,0
1416449010.96487,public,orders,12,105045000,5176698,35206696,15015000,0,0,0,15015000,0,1272306,7742898,123597,15586550,,,,
1416449010.96487,public,time_statistics,17,169,,,19,17,0,17,19,17,3,50,,,,,,
1416449010.96487,pg_catalog,pg_shseclabel,0,0,0,0,0,0,0,0,0,0,0,0,0,0,,,,
1416449010.96487,pg_catalog,pg_event_trigger,0,0,502,0,0,0,0,0,0,0,0,0,135,367,,,,
1416449010.96487,pg_catalog,pg_foreign_table,0,0,0,0,0,0,0,0,0,0,0,0,0,0,,,,
1416449010.96487,pg_catalog,pg_extension,0,0,0,0,0,0,0,0,0,0,0,0,0,0,,,,
1416449010.96487,pg_catalog,pg_ts_config,0,0,0,0,0,0,0,0,0,0,0,0,0,0,,,,
1416449010.96487,pg_catalog,pg_shdescription,0,0,0,0,0,0,0,0,0,0,0,0,0,0,0,0,0,0
1416449010.96487,pg_catalog,pg_cast,0,0,283314,67461,0,0,0,0,0,0,290,67171,177,291332,,,,
1416449010.96487,pg_catalog,pg_amop,0,0,70813,124282,0,0,0,0,0,0,478,118826,1127,150567,,,,
1416449010.96487,pg_catalog,pg_user_mapping,0,0,0,0,0,0,0,0,0,0,0,0,0,0,,,,
1416449010.96487,pg_catalog,pg_type,0,0,201310,199301,542,0,523,0,360,41,1135,200426,1794,414018,,,,
1416449010.96487,information_schema,sql_parts,0,0,,,0,0,0,0,0,0,0,0,,,0,0,0,0
1416449010.96487,pg_catalog,pg_largeobject,0,0,0,0,0,0,0,0,0,0,0,0,0,0,,,,
1416449010.96487,pg_catalog,pg_ts_config_map,0,0,0,0,0,0,0,0,0,0,0,0,0,0,,,,
1416449010.96487,pg_catalog,pg_largeobject_metadata,0,0,0,0,0,0,0,0,0,0,0,0,0,0,,,,
1416449010.96487,pg_catalog,pg_am,12377,12377,0,0,0,0,0,0,0,0,83,12294,0,0,,,,
1416449010.96487,pg_toast,pg_toast_12718,0,0,0,0,0,0,0,0,0,0,0,0,0,0,,,,
1416449010.96487,pg_catalog,pg_ts_template,0,0,0,0,0,0,0,0,0,0,0,0,0,0,,,,
1416449010.96487,pg_catalog,pg_foreign_server,0,0,0,0,0,0,0,0,0,0,0,0,0,0,,,,
1416449010.96487,pg_catalog,pg_namespace,434,5466,45212,36693,22,0,0,0,22,0,116,37067,506,53919,,,,
1416449010.96487,pg_toast,pg_toast_2619,0,0,31179,106577,1690,0,1438,0,262,10,10582,41818,496,44783,,,,
1416449010.96487,pg_catalog,pg_authid,228,228,17093,17093,0,0,0,0,0,0,82,17239,360,33826,,,,
1416449010.96487,pg_catalog,pg_default_acl,0,0,1096,0,0,0,0,0,0,0,0,0,117,979,,,,
1416449010.96487,pg_catalog,pg_shdepend,0,0,1479,297,0,0,0,0,0,0,134,163,537,1482,,,,
1416449010.96487,pg_catalog,pg_constraint,0,0,88,40,48,0,40,0,10,40,26,249,48,464,0,0,0,0
1416449010.96487,pg_catalog,pg_index,1320,129339,91781,131878,239,0,211,0,143,45,908,119417,555,105208,,,,
1416449010.96487,pg_catalog,pg_ts_dict,0,0,0,0,0,0,0,0,0,0,0,0,0,0,,,,
1416449010.96487,pg_toast,pg_toast_2604,0,0,0,0,0,0,0,0,0,0,0,0,0,0,,,,
1416449010.96487,pg_catalog,pg_proc,0,0,74291,110534,0,0,0,0,0,0,6966,73438,2781,161878,0,0,0,0
1416449070.96728,pg_catalog,pg_attrdef,0,0,0,0,0,0,0,0,0,0,0,0,0,0,0,0,0,0
1416449070.96728,pg_catalog,pg_db_role_setting,0,0,35584,0,0,0,0,0,0,0,0,0,74,35510,0,0,0,0
1416449070.96728,pg_toast,pg_toast_12713,0,0,0,0,0,0,0,0,0,0,0,0,0,0,,,,
1416449070.96728,pg_catalog,pg_rowsecurity,0,0,0,0,0,0,0,0,0,0,0,0,0,0,,,,
1416449070.96728,pg_catalog,pg_description,0,0,1185,0,0,0,0,0,0,0,0,0,399,2236,0,0,0,0
1416449070.96728,pg_catalog,pg_foreign_data_wrapper,0,0,0,0,0,0,0,0,0,0,0,0,0,0,,,,
1416449070.96728,pg_catalog,pg_conversion,0,0,0,0,0,0,0,0,0,0,0,0,0,0,,,,
1416449070.96728,public,nation,21,250,25430,25430,25,0,0,0,25,0,9,25441,10,25436,,,,
1416449070.96728,pg_catalog,pg_class,2670,594253,215268,198015,514,144,476,137,337,68,1802,221476,1721,450672,,,,
1416449070.96728,information_schema,sql_implementation_info,0,0,,,0,0,0,0,0,0,0,0,,,0,0,0,0
1416449070.96728,pg_catalog,pg_opfamily,0,0,0,0,0,0,0,0,0,0,0,0,0,0,,,,
1416449070.96728,pg_catalog,pg_auth_members,0,0,0,0,0,0,0,0,0,0,0,0,0,0,,,,
1416449070.96728,pg_catalog,pg_operator,0,0,65189,338805,0,0,0,0,0,0,1428,234928,1235,141705,,,,
1416449070.96728,information_schema,sql_languages,0,0,,,0,0,0,0,0,0,0,0,,,0,0,0,0
1416449070.96728,public,part,10,16000000,62,4037250,2000000,0,0,0,2000000,0,230864,450100,48504,172,,,,
1416449070.96728,pg_toast,pg_toast_12693,0,0,0,0,0,0,0,0,0,0,0,0,0,0,,,,
1416449070.96728,pg_catalog,pg_attribute,627,4275,173411,389308,1924,60,1746,31,2514,404,5239,199542,1509,364974,,,,
1416449070.96728,pg_toast,pg_toast_12698,0,0,0,0,0,0,0,0,0,0,0,0,0,0,,,,
1416449070.96728,pg_catalog,pg_tablespace,2,4,6066,6066,0,0,0,0,0,0,126,5942,268,11898,,,,
1416449070.96728,pg_catalog,pg_statistic,0,0,45360,43325,464,1106,401,743,464,51,3453,43653,475,98142,10593,41827,496,44811
1416449070.96728,pg_toast,pg_toast_12703,0,0,0,0,0,0,0,0,0,0,0,0,0,0,,,,
1416449070.96728,information_schema,sql_packages,0,0,,,0,0,0,0,0,0,0,0,,,0,0,0,0
1416449070.96728,information_schema,sql_sizing_profiles,0,0,,,0,0,0,0,0,0,0,0,,,0,0,0,0
1416449070.96728,pg_catalog,pg_aggregate,0,0,4496,4496,0,0,0,0,0,0,288,4208,676,7167,,,,
1416449070.96728,pg_catalog,pg_inherits,0,0,265,0,0,0,0,0,0,0,0,0,141,124,,,,
1416449070.96728,pg_catalog,pg_enum,0,0,0,0,0,0,0,0,0,0,0,0,0,0,,,,
1416449070.96728,pg_toast,pg_toast_2396,0,0,0,0,0,0,0,0,0,0,0,0,0,0,,,,
1416449070.96728,pg_catalog,pg_pltemplate,0,0,0,0,0,0,0,0,0,0,0,0,0,0,,,,
1416449070.96728,pg_toast,pg_toast_2618,0,0,960,3064,0,0,0,0,0,0,605,574,174,1376,,,,
1416449070.96728,pg_toast,pg_toast_3596,0,0,0,0,0,0,0,0,0,0,0,0,0,0,,,,
1416449070.96728,information_schema,sql_features,0,0,,,0,0,0,0,0,0,0,0,,,0,0,0,0
1416449070.96728,public,supplier,6,400000,3315828,4252873,100000,0,0,0,100000,0,9430,3349288,957,6649641,,,,
1416449070.96728,pg_toast,pg_toast_2606,0,0,0,0,0,0,0,0,0,0,0,0,0,0,,,,
1416449070.96728,pg_toast,pg_toast_12723,0,0,0,0,0,0,0,0,0,0,0,0,0,0,,,,
1416449070.96728,pg_toast,pg_toast_2964,0,0,0,0,0,0,0,0,0,0,0,0,0,0,,,,
1416449070.96728,pg_catalog,pg_database,622,2356,28759,28757,1,0,0,0,1,0,48,29332,339,46192,,,,
1416449070.96728,information_schema,sql_sizing,0,0,,,0,0,0,0,0,0,0,0,,,0,0,0,0
1416449070.96728,pg_toast,pg_toast_2620,0,0,0,0,0,0,0,0,0,0,0,0,0,0,,,,
1416449070.96728,pg_catalog,pg_depend,0,0,11320,12139,2114,0,2025,0,7106,481,1845,13622,3001,29312,,,,
1416449070.96728,pg_catalog,pg_language,0,0,0,0,0,0,0,0,0,0,0,0,0,0,,,,
1416449070.96728,public,region,6350,31725,14,14,5,0,0,0,5,0,7,6362,6,14,,,,
1416449070.96728,public,lineitem,18,720011475,2551098,319352762,60045669,0,0,0,60045781,0,16705930,25419293,822391,10826239,,,,
1416449070.96728,pg_catalog,pg_amproc,114,228,41673,122395,0,0,0,0,0,0,751,40667,362,91689,,,,
1416449070.96728,pg_catalog,pg_collation,0,0,0,0,0,0,0,0,0,0,0,0,0,0,,,,
1416449070.96728,pg_toast,pg_toast_12708,0,0,0,0,0,0,0,0,0,0,0,0,0,0,,,,
1416449070.96728,public,partsupp,13,64000000,28399,113500,8000000,0,0,0,8000000,0,1008904,1514625,40394,67241,,,,
1416449070.96728,pg_catalog,pg_range,0,0,2013,0,0,0,0,0,0,0,0,0,646,3380,,,,
1416449070.96728,pg_toast,pg_toast_2609,0,0,0,0,0,0,0,0,0,0,0,0,0,0,,,,
1416449070.96728,pg_catalog,pg_opclass,114,114,55787,580518,0,0,0,0,0,0,264,232129,677,67470,,,,
1416449070.96728,pg_catalog,pg_rewrite,0,0,2194,1762,144,0,144,0,110,72,1043,1743,510,3228,605,574,348,2752
1416449070.96728,public,customer,12,12000000,64,8372083,1500000,0,0,0,1500000,0,103813,682865,20514,185,,,,
1416449070.96728,pg_toast,pg_toast_1255,0,0,0,0,0,0,0,0,0,0,0,0,0,0,,,,
1416449070.96728,pg_catalog,pg_seclabel,0,0,1185,0,0,0,0,0,0,0,0,0,129,1056,0,0,0,0
1416449070.96728,pg_catalog,pg_ts_parser,0,0,0,0,0,0,0,0,0,0,0,0,0,0,,,,
1416449070.96728,pg_catalog,pg_trigger,0,0,0,0,0,0,0,0,0,0,0,0,0,0,0,0,0,0
1416449070.96728,public,orders,12,105045000,5176698,35206696,15015000,0,0,0,15015000,0,1272306,7742898,123597,15586550,,,,
1416449070.96728,public,time_statistics,18,188,,,20,18,0,18,20,18,3,53,,,,,,
1416449070.96728,pg_catalog,pg_shseclabel,0,0,0,0,0,0,0,0,0,0,0,0,0,0,,,,
1416449070.96728,pg_catalog,pg_event_trigger,0,0,503,0,0,0,0,0,0,0,0,0,136,367,,,,
1416449070.96728,pg_catalog,pg_foreign_table,0,0,0,0,0,0,0,0,0,0,0,0,0,0,,,,
1416449070.96728,pg_catalog,pg_extension,0,0,0,0,0,0,0,0,0,0,0,0,0,0,,,,
1416449070.96728,pg_catalog,pg_ts_config,0,0,0,0,0,0,0,0,0,0,0,0,0,0,,,,
1416449070.96728,pg_catalog,pg_shdescription,0,0,0,0,0,0,0,0,0,0,0,0,0,0,0,0,0,0
1416449070.96728,pg_catalog,pg_cast,0,0,283465,67511,0,0,0,0,0,0,290,67221,177,291491,,,,
1416449070.96728,pg_catalog,pg_amop,0,0,70859,124357,0,0,0,0,0,0,478,118900,1127,150670,,,,
1416449070.96728,pg_catalog,pg_user_mapping,0,0,0,0,0,0,0,0,0,0,0,0,0,0,,,,
1416449070.96728,pg_catalog,pg_type,0,0,201485,199471,544,0,525,0,360,43,1139,200601,1799,414380,,,,
1416449070.96728,information_schema,sql_parts,0,0,,,0,0,0,0,0,0,0,0,,,0,0,0,0
1416449070.96728,pg_catalog,pg_largeobject,0,0,0,0,0,0,0,0,0,0,0,0,0,0,,,,
1416449070.96728,pg_catalog,pg_ts_config_map,0,0,0,0,0,0,0,0,0,0,0,0,0,0,,,,
1416449070.96728,pg_catalog,pg_largeobject_metadata,0,0,0,0,0,0,0,0,0,0,0,0,0,0,,,,
1416449070.96728,pg_catalog,pg_am,12387,12387,0,0,0,0,0,0,0,0,83,12304,0,0,,,,
1416449070.96728,pg_toast,pg_toast_12718,0,0,0,0,0,0,0,0,0,0,0,0,0,0,,,,
1416449070.96728,pg_catalog,pg_ts_template,0,0,0,0,0,0,0,0,0,0,0,0,0,0,,,,
1416449070.96728,pg_catalog,pg_foreign_server,0,0,0,0,0,0,0,0,0,0,0,0,0,0,,,,
1416449070.96728,pg_catalog,pg_namespace,436,5522,45380,36853,22,0,0,0,22,0,116,37229,507,54097,,,,
1416449070.96728,pg_toast,pg_toast_2619,0,0,31191,106626,1690,0,1438,0,262,10,10593,41827,496,44811,,,,
1416449070.96728,pg_catalog,pg_authid,229,229,17109,17109,0,0,0,0,0,0,82,17256,360,33858,,,,
1416449070.96728,pg_catalog,pg_default_acl,0,0,1100,0,0,0,0,0,0,0,0,0,118,982,,,,
1416449070.96728,pg_catalog,pg_shdepend,0,0,1484,298,0,0,0,0,0,0,135,163,541,1485,,,,
1416449070.96728,pg_catalog,pg_constraint,0,0,88,40,48,0,40,0,10,40,26,249,48,464,0,0,0,0
1416449070.96728,pg_catalog,pg_index,1325,130054,91858,131983,239,0,211,0,143,45,908,119534,555,105300,,,,
1416449070.96728,pg_catalog,pg_ts_dict,0,0,0,0,0,0,0,0,0,0,0,0,0,0,,,,
1416449070.96728,pg_toast,pg_toast_2604,0,0,0,0,0,0,0,0,0,0,0,0,0,0,,,,
1416449070.96728,pg_catalog,pg_proc,0,0,74393,110698,0,0,0,0,0,0,6973,73558,2782,162097,0,0,0,0
1416449130.97242,pg_catalog,pg_attrdef,0,0,0,0,0,0,0,0,0,0,0,0,0,0,0,0,0,0
1416449130.97242,pg_catalog,pg_db_role_setting,0,0,35624,0,0,0,0,0,0,0,0,0,74,35550,0,0,0,0
1416449130.97242,pg_toast,pg_toast_12713,0,0,0,0,0,0,0,0,0,0,0,0,0,0,,,,
1416449130.97242,pg_catalog,pg_rowsecurity,0,0,0,0,0,0,0,0,0,0,0,0,0,0,,,,
1416449130.97242,pg_catalog,pg_description,0,0,1185,0,0,0,0,0,0,0,0,0,399,2236,0,0,0,0
1416449130.97242,pg_catalog,pg_foreign_data_wrapper,0,0,0,0,0,0,0,0,0,0,0,0,0,0,,,,
1416449130.97242,pg_catalog,pg_conversion,0,0,0,0,0,0,0,0,0,0,0,0,0,0,,,,
1416449130.97242,public,nation,21,250,25430,25430,25,0,0,0,25,0,9,25441,10,25436,,,,
1416449130.97242,pg_catalog,pg_class,2680,597303,215637,198381,514,144,476,137,337,68,1802,221943,1721,451430,,,,
1416449130.97242,information_schema,sql_implementation_info,0,0,,,0,0,0,0,0,0,0,0,,,0,0,0,0
1416449130.97242,pg_catalog,pg_opfamily,0,0,0,0,0,0,0,0,0,0,0,0,0,0,,,,
1416449130.97242,pg_catalog,pg_auth_members,0,0,0,0,0,0,0,0,0,0,0,0,0,0,,,,
1416449130.97242,pg_catalog,pg_operator,0,0,65224,338987,0,0,0,0,0,0,1428,235054,1236,141785,,,,
1416449130.97242,information_schema,sql_languages,0,0,,,0,0,0,0,0,0,0,0,,,0,0,0,0
1416449130.97242,public,part,10,16000000,62,4037250,2000000,0,0,0,2000000,0,230864,450100,48504,172,,,,
1416449130.97242,pg_toast,pg_toast_12693,0,0,0,0,0,0,0,0,0,0,0,0,0,0,,,,
1416449130.97242,pg_catalog,pg_attribute,627,4275,173625,389668,1924,60,1746,31,2514,404,5241,199764,1509,365410,,,,
1416449130.97242,pg_toast,pg_toast_12698,0,0,0,0,0,0,0,0,0,0,0,0,0,0,,,,
1416449130.97242,pg_catalog,pg_tablespace,2,4,6073,6073,0,0,0,0,0,0,126,5949,268,11912,,,,
1416449130.97242,pg_catalog,pg_statistic,0,0,45391,43349,464,1106,401,743,464,51,3453,43677,475,98210,10595,41832,496,44827
1416449130.97242,pg_toast,pg_toast_12703,0,0,0,0,0,0,0,0,0,0,0,0,0,0,,,,
1416449130.97242,information_schema,sql_packages,0,0,,,0,0,0,0,0,0,0,0,,,0,0,0,0
1416449130.97242,information_schema,sql_sizing_profiles,0,0,,,0,0,0,0,0,0,0,0,,,0,0,0,0
1416449130.97242,pg_catalog,pg_aggregate,0,0,4501,4501,0,0,0,0,0,0,288,4213,676,7174,,,,
1416449130.97242,pg_catalog,pg_inherits,0,0,265,0,0,0,0,0,0,0,0,0,141,124,,,,
1416449130.97242,pg_catalog,pg_enum,0,0,0,0,0,0,0,0,0,0,0,0,0,0,,,,
1416449130.97242,pg_toast,pg_toast_2396,0,0,0,0,0,0,0,0,0,0,0,0,0,0,,,,
1416449130.97242,pg_catalog,pg_pltemplate,0,0,0,0,0,0,0,0,0,0,0,0,0,0,,,,
1416449130.97242,pg_toast,pg_toast_2618,0,0,964,3078,0,0,0,0,0,0,605,579,174,1382,,,,
1416449130.97242,pg_toast,pg_toast_3596,0,0,0,0,0,0,0,0,0,0,0,0,0,0,,,,
1416449130.97242,information_schema,sql_features,0,0,,,0,0,0,0,0,0,0,0,,,0,0,0,0
1416449130.97242,public,supplier,6,400000,3315828,4252873,100000,0,0,0,100000,0,9430,3349288,957,6649641,,,,
1416449130.97242,pg_toast,pg_toast_2606,0,0,0,0,0,0,0,0,0,0,0,0,0,0,,,,
1416449130.97242,pg_toast,pg_toast_12723,0,0,0,0,0,0,0,0,0,0,0,0,0,0,,,,
1416449130.97242,pg_toast,pg_toast_2964,0,0,0,0,0,0,0,0,0,0,0,0,0,0,,,,
1416449130.97242,pg_catalog,pg_database,625,2368,28794,28792,1,0,0,0,1,0,48,29370,339,46247,,,,
1416449130.97242,information_schema,sql_sizing,0,0,,,0,0,0,0,0,0,0,0,,,0,0,0,0
1416449130.97242,pg_toast,pg_toast_2620,0,0,0,0,0,0,0,0,0,0,0,0,0,0,,,,
1416449130.97242,pg_catalog,pg_depend,0,0,11320,12139,2114,0,2025,0,7106,481,1845,13622,3001,29312,,,,
1416449130.97242,pg_catalog,pg_language,0,0,0,0,0,0,0,0,0,0,0,0,0,0,,,,
1416449130.97242,public,region,6350,31725,14,14,5,0,0,0,5,0,7,6362,6,14,,,,
1416449130.97242,public,lineitem,19,780057144,2551098,319352762,60045669,0,0,0,60045781,0,16750139,26441557,822393,10826239,,,,
1416449130.97242,pg_catalog,pg_amproc,114,228,41698,122453,0,0,0,0,0,0,752,40690,362,91747,,,,
1416449130.97242,pg_catalog,pg_collation,0,0,0,0,0,0,0,0,0,0,0,0,0,0,,,,
1416449130.97242,pg_toast,pg_toast_12708,0,0,0,0,0,0,0,0,0,0,0,0,0,0,,,,
1416449130.97242,public,partsupp,13,64000000,28399,113500,8000000,0,0,0,8000000,0,1008904,1514625,40394,67241,,,,
1416449130.97242,pg_catalog,pg_range,0,0,2014,0,0,0,0,0,0,0,0,0,646,3382,,,,
1416449130.97242,pg_toast,pg_toast_2609,0,0,0,0,0,0,0,0,0,0,0,0,0,0,,,,
1416449130.97242,pg_catalog,pg_opclass,114,114,55815,580794,0,0,0,0,0,0,264,232237,677,67510,,,,
1416449130.97242,pg_catalog,pg_rewrite,0,0,2200,1768,144,0,144,0,110,72,1043,1749,510,3238,605,579,348,2764
1416449130.97242,public,customer,12,12000000,64,8372083,1500000,0,0,0,1500000,0,103813,682865,20514,185,,,,
1416449130.97242,pg_toast,pg_toast_1255,0,0,0,0,0,0,0,0,0,0,0,0,0,0,,,,
1416449130.97242,pg_catalog,pg_seclabel,0,0,1185,0,0,0,0,0,0,0,0,0,129,1056,0,0,0,0
1416449130.97242,pg_catalog,pg_ts_parser,0,0,0,0,0,0,0,0,0,0,0,0,0,0,,,,
1416449130.97242,pg_catalog,pg_trigger,0,0,0,0,0,0,0,0,0,0,0,0,0,0,0,0,0,0
1416449130.97242,public,orders,12,105045000,5176698,35206696,15015000,0,0,0,15015000,0,1272306,7742898,123597,15586550,,,,
1416449130.97242,public,time_statistics,19,208,,,21,19,0,19,21,19,3,56,,,,,,
1416449130.97242,pg_catalog,pg_shseclabel,0,0,0,0,0,0,0,0,0,0,0,0,0,0,,,,
1416449130.97242,pg_catalog,pg_event_trigger,0,0,503,0,0,0,0,0,0,0,0,0,136,367,,,,
1416449130.97242,pg_catalog,pg_foreign_table,0,0,0,0,0,0,0,0,0,0,0,0,0,0,,,,
1416449130.97242,pg_catalog,pg_extension,0,0,0,0,0,0,0,0,0,0,0,0,0,0,,,,
1416449130.97242,pg_catalog,pg_ts_config,0,0,0,0,0,0,0,0,0,0,0,0,0,0,,,,
1416449130.97242,pg_catalog,pg_shdescription,0,0,0,0,0,0,0,0,0,0,0,0,0,0,0,0,0,0
1416449130.97242,pg_catalog,pg_cast,0,0,283606,67553,0,0,0,0,0,0,290,67263,177,291639,,,,
1416449130.97242,pg_catalog,pg_amop,0,0,70896,124420,0,0,0,0,0,0,478,118962,1128,150752,,,,
1416449130.97242,pg_catalog,pg_user_mapping,0,0,0,0,0,0,0,0,0,0,0,0,0,0,,,,
1416449130.97242,pg_catalog,pg_type,0,0,201638,199624,544,0,525,0,360,43,1139,200754,1801,414692,,,,
1416449130.97242,information_schema,sql_parts,0,0,,,0,0,0,0,0,0,0,0,,,0,0,0,0
1416449130.97242,pg_catalog,pg_largeobject,0,0,0,0,0,0,0,0,0,0,0,0,0,0,,,,
1416449130.97242,pg_catalog,pg_ts_config_map,0,0,0,0,0,0,0,0,0,0,0,0,0,0,,,,
1416449130.97242,pg_catalog,pg_largeobject_metadata,0,0,0,0,0,0,0,0,0,0,0,0,0,0,,,,
1416449130.97242,pg_catalog,pg_am,12396,12396,0,0,0,0,0,0,0,0,83,12313,0,0,,,,
1416449130.97242,pg_toast,pg_toast_12718,0,0,0,0,0,0,0,0,0,0,0,0,0,0,,,,
1416449130.97242,pg_catalog,pg_ts_template,0,0,0,0,0,0,0,0,0,0,0,0,0,0,,,,
1416449130.97242,pg_catalog,pg_foreign_server,0,0,0,0,0,0,0,0,0,0,0,0,0,0,,,,
1416449130.97242,pg_catalog,pg_namespace,438,5578,45544,37010,22,0,0,0,22,0,116,37388,507,54270,,,,
1416449130.97242,pg_toast,pg_toast_2619,0,0,31197,106641,1690,0,1438,0,262,10,10595,41832,496,44827,,,,
1416449130.97242,pg_catalog,pg_authid,230,230,17125,17125,0,0,0,0,0,0,82,17273,360,33890,,,,
1416449130.97242,pg_catalog,pg_default_acl,0,0,1100,0,0,0,0,0,0,0,0,0,118,982,,,,
1416449130.97242,pg_catalog,pg_shdepend,0,0,1484,298,0,0,0,0,0,0,135,163,541,1485,,,,
1416449130.97242,pg_catalog,pg_constraint,0,0,88,40,48,0,40,0,10,40,26,249,48,464,0,0,0,0
1416449130.97242,pg_catalog,pg_index,1330,130769,91911,132054,239,0,211,0,143,45,908,119624,555,105366,,,,
1416449130.97242,pg_catalog,pg_ts_dict,0,0,0,0,0,0,0,0,0,0,0,0,0,0,,,,
1416449130.97242,pg_toast,pg_toast_2604,0,0,0,0,0,0,0,0,0,0,0,0,0,0,,,,
1416449130.97242,pg_catalog,pg_proc,0,0,74493,110840,0,0,0,0,0,0,6977,73666,2785,162308,0,0,0,0
1416449190.97305,pg_catalog,pg_attrdef,0,0,0,0,0,0,0,0,0,0,0,0,0,0,0,0,0,0
1416449190.97305,pg_catalog,pg_db_role_setting,0,0,35700,0,0,0,0,0,0,0,0,0,74,35626,0,0,0,0
1416449190.97305,pg_toast,pg_toast_12713,0,0,0,0,0,0,0,0,0,0,0,0,0,0,,,,
1416449190.97305,pg_catalog,pg_rowsecurity,0,0,0,0,0,0,0,0,0,0,0,0,0,0,,,,
1416449190.97305,pg_catalog,pg_description,0,0,1185,0,0,0,0,0,0,0,0,0,399,2236,0,0,0,0
1416449190.97305,pg_catalog,pg_foreign_data_wrapper,0,0,0,0,0,0,0,0,0,0,0,0,0,0,,,,
1416449190.97305,pg_catalog,pg_conversion,0,0,0,0,0,0,0,0,0,0,0,0,0,0,,,,
1416449190.97305,public,nation,24,325,25449,25473,25,0,0,0,25,0,9,25463,13,25455,,,,
1416449190.97305,pg_catalog,pg_class,2690,600353,216213,198932,514,144,476,137,337,68,1802,222595,1722,452623,,,,
1416449190.97305,information_schema,sql_implementation_info,0,0,,,0,0,0,0,0,0,0,0,,,0,0,0,0
1416449190.97305,pg_catalog,pg_opfamily,0,0,0,0,0,0,0,0,0,0,0,0,0,0,,,,
1416449190.97305,pg_catalog,pg_auth_members,0,0,0,0,0,0,0,0,0,0,0,0,0,0,,,,
1416449190.97305,pg_catalog,pg_operator,0,0,65340,339615,0,0,0,0,0,0,1428,235486,1238,142040,,,,
1416449190.97305,information_schema,sql_languages,0,0,,,0,0,0,0,0,0,0,0,,,0,0,0,0
1416449190.97305,public,part,10,16000000,79,4061417,2000000,0,0,0,2000000,0,249096,450100,48685,190,,,,
1416449190.97305,pg_toast,pg_toast_12693,0,0,0,0,0,0,0,0,0,0,0,0,0,0,,,,
1416449190.97305,pg_catalog,pg_attribute,627,4275,174042,390484,1924,60,1746,31,2514,404,5242,200204,1509,366267,,,,
1416449190.97305,pg_toast,pg_toast_12698,0,0,0,0,0,0,0,0,0,0,0,0,0,0,,,,
1416449190.97305,pg_catalog,pg_tablespace,2,4,6086,6086,0,0,0,0,0,0,126,5962,268,11938,,,,
1416449190.97305,pg_catalog,pg_statistic,0,0,45491,43429,464,1106,401,743,464,51,3459,43751,475,98424,10624,41877,496,44930
1416449190.97305,pg_toast,pg_toast_12703,0,0,0,0,0,0,0,0,0,0,0,0,0,0,,,,
1416449190.97305,information_schema,sql_packages,0,0,,,0,0,0,0,0,0,0,0,,,0,0,0,0
1416449190.97305,information_schema,sql_sizing_profiles,0,0,,,0,0,0,0,0,0,0,0,,,0,0,0,0
1416449190.97305,pg_catalog,pg_aggregate,0,0,4506,4506,0,0,0,0,0,0,288,4218,676,7184,,,,
1416449190.97305,pg_catalog,pg_inherits,0,0,265,0,0,0,0,0,0,0,0,0,141,124,,,,
1416449190.97305,pg_catalog,pg_enum,0,0,0,0,0,0,0,0,0,0,0,0,0,0,,,,
1416449190.97305,pg_toast,pg_toast_2396,0,0,0,0,0,0,0,0,0,0,0,0,0,0,,,,
1416449190.97305,pg_catalog,pg_pltemplate,0,0,0,0,0,0,0,0,0,0,0,0,0,0,,,,
1416449190.97305,pg_toast,pg_toast_2618,0,0,970,3096,0,0,0,0,0,0,606,585,174,1392,,,,
1416449190.97305,pg_toast,pg_toast_3596,0,0,0,0,0,0,0,0,0,0,0,0,0,0,,,,
1416449190.97305,information_schema,sql_features,0,0,,,0,0,0,0,0,0,0,0,,,0,0,0,0
1416449190.97305,public,supplier,8,600000,3315836,4252881,100000,0,0,0,100000,0,11504,3351580,961,6649657,,,,
1416449190.97305,pg_toast,pg_toast_2606,0,0,0,0,0,0,0,0,0,0,0,0,0,0,,,,
1416449190.97305,pg_toast,pg_toast_12723,0,0,0,0,0,0,0,0,0,0,0,0,0,0,,,,
1416449190.97305,pg_toast,pg_toast_2964,0,0,0,0,0,0,0,0,0,0,0,0,0,0,,,,
1416449190.97305,pg_catalog,pg_database,628,2380,28858,28856,1,0,0,0,1,0,48,29437,339,46349,,,,
1416449190.97305,information_schema,sql_sizing,0,0,,,0,0,0,0,0,0,0,0,,,0,0,0,0
1416449190.97305,pg_toast,pg_toast_2620,0,0,0,0,0,0,0,0,0,0,0,0,0,0,,,,
1416449190.97305,pg_catalog,pg_depend,0,0,11320,12139,2114,0,2025,0,7106,481,1845,13622,3001,29312,,,,
1416449190.97305,pg_catalog,pg_language,0,0,0,0,0,0,0,0,0,0,0,0,0,0,,,,
1416449190.97305,public,region,6351,31730,16,16,5,0,0,0,5,0,8,6364,8,15,,,,
1416449190.97305,public,lineitem,20,840102813,4222468,326161680,60045669,0,0,0,60045781,0,17846353,28319060,998368,17358664,,,,
1416449190.97305,pg_catalog,pg_amproc,114,228,41775,122649,0,0,0,0,0,0,752,40766,362,91920,,,,
1416449190.97305,pg_catalog,pg_collation,0,0,0,0,0,0,0,0,0,0,0,0,0,0,,,,
1416449190.97305,pg_toast,pg_toast_12708,0,0,0,0,0,0,0,0,0,0,0,0,0,0,,,,
1416449190.97305,public,partsupp,13,64000000,28399,113500,8000000,0,0,0,8000000,0,1008904,1514625,40394,67241,,,,
1416449190.97305,pg_catalog,pg_range,0,0,2018,0,0,0,0,0,0,0,0,0,646,3390,,,,
1416449190.97305,pg_toast,pg_toast_2609,0,0,0,0,0,0,0,0,0,0,0,0,0,0,,,,
1416449190.97305,pg_catalog,pg_opclass,114,114,55913,581831,0,0,0,0,0,0,264,232651,677,67634,,,,
1416449190.97305,pg_catalog,pg_rewrite,0,0,2208,1776,144,0,144,0,110,72,1043,1757,510,3252,606,585,348,2784
1416449190.97305,public,customer,14,15000000,81,15872095,1500000,0,0,0,1500000,0,149393,884243,20530,224,,,,
1416449190.97305,pg_toast,pg_toast_1255,0,0,0,0,0,0,0,0,0,0,0,0,0,0,,,,
1416449190.97305,pg_catalog,pg_seclabel,0,0,1185,0,0,0,0,0,0,0,0,0,129,1056,0,0,0,0
1416449190.97305,pg_catalog,pg_ts_parser,0,0,0,0,0,0,0,0,0,0,0,0,0,0,,,,
1416449190.97305,pg_catalog,pg_trigger,0,0,0,0,0,0,0,0,0,0,0,0,0,0,0,0,0,0
1416449190.97305,public,orders,13,120060000,5176710,65236706,15015000,0,0,0,15015000,0,1653869,8121911,123618,15586586,,,,
1416449190.97305,public,time_statistics,23,298,,,25,23,0,23,25,23,3,68,,,,,,
1416449190.97305,pg_catalog,pg_shseclabel,0,0,0,0,0,0,0,0,0,0,0,0,0,0,,,,
1416449190.97305,pg_catalog,pg_event_trigger,0,0,503,0,0,0,0,0,0,0,0,0,136,367,,,,
1416449190.97305,pg_catalog,pg_foreign_table,0,0,0,0,0,0,0,0,0,0,0,0,0,0,,,,
1416449190.97305,pg_catalog,pg_extension,0,0,0,0,0,0,0,0,0,0,0,0,0,0,,,,
1416449190.97305,pg_catalog,pg_ts_config,0,0,0,0,0,0,0,0,0,0,0,0,0,0,,,,
1416449190.97305,pg_catalog,pg_shdescription,0,0,0,0,0,0,0,0,0,0,0,0,0,0,0,0,0,0
1416449190.97305,pg_catalog,pg_cast,0,0,284129,67675,0,0,0,0,0,0,290,67385,177,292180,,,,
1416449190.97305,pg_catalog,pg_amop,0,0,71037,124668,0,0,0,0,0,0,478,119201,1128,151056,,,,
1416449190.97305,pg_catalog,pg_user_mapping,0,0,0,0,0,0,0,0,0,0,0,0,0,0,,,,
1416449190.97305,pg_catalog,pg_type,0,0,202068,200054,544,0,525,0,360,43,1139,201184,1802,415572,,,,
1416449190.97305,information_schema,sql_parts,0,0,,,0,0,0,0,0,0,0,0,,,0,0,0,0
1416449190.97305,pg_catalog,pg_largeobject,0,0,0,0,0,0,0,0,0,0,0,0,0,0,,,,
1416449190.97305,pg_catalog,pg_ts_config_map,0,0,0,0,0,0,0,0,0,0,0,0,0,0,,,,
1416449190.97305,pg_catalog,pg_largeobject_metadata,0,0,0,0,0,0,0,0,0,0,0,0,0,0,,,,
1416449190.97305,pg_catalog,pg_am,12419,12419,0,0,0,0,0,0,0,0,83,12336,0,0,,,,
1416449190.97305,pg_toast,pg_toast_12718,0,0,0,0,0,0,0,0,0,0,0,0,0,0,,,,
1416449190.97305,pg_catalog,pg_ts_template,0,0,0,0,0,0,0,0,0,0,0,0,0,0,,,,
1416449190.97305,pg_catalog,pg_foreign_server,0,0,0,0,0,0,0,0,0,0,0,0,0,0,,,,
1416449190.97305,pg_catalog,pg_namespace,440,5634,45740,37188,22,0,0,0,22,0,116,37568,507,54486,,,,
1416449190.97305,pg_toast,pg_toast_2619,0,0,31245,106807,1690,0,1438,0,262,10,10624,41877,496,44930,,,,
1416449190.97305,pg_catalog,pg_authid,231,231,17159,17159,0,0,0,0,0,0,82,17308,360,33958,,,,
1416449190.97305,pg_catalog,pg_default_acl,0,0,1100,0,0,0,0,0,0,0,0,0,118,982,,,,
1416449190.97305,pg_catalog,pg_shdepend,0,0,1484,298,0,0,0,0,0,0,135,163,541,1485,,,,
1416449190.97305,pg_catalog,pg_constraint,0,0,88,40,48,0,40,0,10,40,26,249,48,464,0,0,0,0
1416449190.97305,pg_catalog,pg_index,1335,131484,92073,132285,239,0,211,0,143,45,908,119867,555,105557,,,,
1416449190.97305,pg_catalog,pg_ts_dict,0,0,0,0,0,0,0,0,0,0,0,0,0,0,,,,
1416449190.97305,pg_toast,pg_toast_2604,0,0,0,0,0,0,0,0,0,0,0,0,0,0,,,,
1416449190.97305,pg_catalog,pg_proc,0,0,74677,111101,0,0,0,0,0,0,6985,73863,2785,162712,0,0,0,0
